-- phpMyAdmin SQL Dump
-- version 4.0.4
-- http://www.phpmyadmin.net
--
-- Host: localhost
-- Generation Time: Feb 25, 2014 at 05:39 AM
-- Server version: 5.6.12-log
-- PHP Version: 5.4.16

SET SQL_MODE = "NO_AUTO_VALUE_ON_ZERO";
SET time_zone = "+00:00";


/*!40101 SET @OLD_CHARACTER_SET_CLIENT=@@CHARACTER_SET_CLIENT */;
/*!40101 SET @OLD_CHARACTER_SET_RESULTS=@@CHARACTER_SET_RESULTS */;
/*!40101 SET @OLD_COLLATION_CONNECTION=@@COLLATION_CONNECTION */;
/*!40101 SET NAMES utf8 */;

--
-- Database: `ecom_development`
--
CREATE DATABASE IF NOT EXISTS `ecom_development` DEFAULT CHARACTER SET latin1 COLLATE latin1_swedish_ci;
USE `ecom_development`;

-- --------------------------------------------------------

--
-- Table structure for table `cart_paypals`
--

CREATE TABLE IF NOT EXISTS `cart_paypals` (
  `id` int(11) NOT NULL AUTO_INCREMENT,
  `created_at` datetime NOT NULL,
  `updated_at` datetime NOT NULL,
  PRIMARY KEY (`id`)
) ENGINE=InnoDB DEFAULT CHARSET=latin1 AUTO_INCREMENT=1 ;

-- --------------------------------------------------------

--
-- Table structure for table `city_list`
--

CREATE TABLE IF NOT EXISTS `city_list` (
  `id` int(11) NOT NULL AUTO_INCREMENT,
  `city_name` varchar(255) DEFAULT NULL,
  `latitude` float DEFAULT NULL,
  `longitude` float DEFAULT NULL,
  `state` varchar(255) DEFAULT NULL,
  PRIMARY KEY (`id`)
) ENGINE=InnoDB DEFAULT CHARSET=latin1 AUTO_INCREMENT=1 ;

-- --------------------------------------------------------

--
-- Table structure for table `city_lists`
--

CREATE TABLE IF NOT EXISTS `city_lists` (
  `id` int(11) NOT NULL AUTO_INCREMENT,
  `city_name` varchar(255) DEFAULT NULL,
  `latitude` float DEFAULT NULL,
  `longitude` float DEFAULT NULL,
  `state` varchar(255) DEFAULT NULL,
  PRIMARY KEY (`id`)
) ENGINE=InnoDB  DEFAULT CHARSET=latin1 AUTO_INCREMENT=966 ;

--
-- Dumping data for table `city_lists`
--

INSERT INTO `city_lists` (`id`, `city_name`, `latitude`, `longitude`, `state`) VALUES
(1, 'Port Blair', 11.67, 92.76, 'Andaman and Nicobar Islands'),
(2, 'Adilabad', 19.68, 78.53, 'Andhra Pradesh'),
(3, 'Adoni', 15.63, 77.28, 'Andhra Pradesh'),
(4, 'Alwal', 17.5, 78.54, 'Andhra Pradesh'),
(5, 'Anakapalle', 17.69, 83, 'Andhra Pradesh'),
(6, 'Anantapur', 14.7, 77.59, 'Andhra Pradesh'),
(7, 'Bapatla', 15.91, 80.47, 'Andhra Pradesh'),
(8, 'Belampalli', 19.06, 79.49, 'Andhra Pradesh'),
(9, 'Bhimavaram', 16.55, 81.53, 'Andhra Pradesh'),
(10, 'Bhongir', 17.52, 78.88, 'Andhra Pradesh'),
(11, 'Bobbili', 18.57, 83.37, 'Andhra Pradesh'),
(12, 'Bodhan', 18.66, 77.88, 'Andhra Pradesh'),
(13, 'Chilakalurupet', 16.1, 80.16, 'Andhra Pradesh'),
(14, 'Chinna Chawk', 14.47, 78.83, 'Andhra Pradesh'),
(15, 'Chirala', 15.84, 80.35, 'Andhra Pradesh'),
(16, 'Chittur', 13.22, 79.1, 'Andhra Pradesh'),
(17, 'Cuddapah', 14.48, 78.81, 'Andhra Pradesh'),
(18, 'Dharmavaram', 14.42, 77.71, 'Andhra Pradesh'),
(19, 'Dhone', 15.42, 77.88, 'Andhra Pradesh'),
(20, 'Eluru', 16.72, 81.11, 'Andhra Pradesh'),
(21, 'Gaddiannaram', 17.36, 78.52, 'Andhra Pradesh'),
(22, 'Gadwal', 16.23, 77.8, 'Andhra Pradesh'),
(23, 'Gajuwaka', 17.7, 83.21, 'Andhra Pradesh'),
(24, 'Gudivada', 16.44, 81, 'Andhra Pradesh'),
(25, 'Gudur', 14.15, 79.84, 'Andhra Pradesh'),
(26, 'Guntakal', 15.18, 77.37, 'Andhra Pradesh'),
(27, 'Guntur', 16.31, 80.44, 'Andhra Pradesh'),
(28, 'Hindupur', 13.83, 77.48, 'Andhra Pradesh'),
(29, 'Hyderabad', 17.4, 78.48, 'Andhra Pradesh'),
(30, 'Jagtial', 18.8, 78.91, 'Andhra Pradesh'),
(31, 'Kadiri', 14.12, 78.16, 'Andhra Pradesh'),
(32, 'Kagaznagar', 19.34, 79.48, 'Andhra Pradesh'),
(33, 'Kakinada', 16.96, 82.24, 'Andhra Pradesh'),
(34, 'Kallur', 15.69, 77.77, 'Andhra Pradesh'),
(35, 'Kamareddi', 18.32, 78.35, 'Andhra Pradesh'),
(36, 'Kapra', 17.37, 78.48, 'Andhra Pradesh'),
(37, 'Karimnagar', 18.45, 79.13, 'Andhra Pradesh'),
(38, 'Karnul', 15.83, 78.03, 'Andhra Pradesh'),
(39, 'Kavali', 14.92, 79.99, 'Andhra Pradesh'),
(40, 'Khammam', 17.25, 80.15, 'Andhra Pradesh'),
(41, 'Kodar', 16.98, 79.97, 'Andhra Pradesh'),
(42, 'Kondukur', 15.22, 79.91, 'Andhra Pradesh'),
(43, 'Koratla', 18.82, 78.72, 'Andhra Pradesh'),
(44, 'Kottagudem', 17.56, 80.64, 'Andhra Pradesh'),
(45, 'Kukatpalle', 17.49, 78.41, 'Andhra Pradesh'),
(46, 'Lalbahadur Nagar', 17.43, 78.5, 'Andhra Pradesh'),
(47, 'Machilipatnam', 16.19, 81.14, 'Andhra Pradesh'),
(48, 'Mahbubnagar', 16.74, 77.98, 'Andhra Pradesh'),
(49, 'Malkajgiri', 17.55, 78.59, 'Andhra Pradesh'),
(50, 'Mancheral', 18.88, 79.45, 'Andhra Pradesh'),
(51, 'Mandamarri', 18.97, 79.47, 'Andhra Pradesh'),
(52, 'Mangalagiri', 16.44, 80.56, 'Andhra Pradesh'),
(53, 'Markapur', 15.73, 79.28, 'Andhra Pradesh'),
(54, 'Miryalaguda', 16.87, 79.57, 'Andhra Pradesh'),
(55, 'Nalgonda', 17.06, 79.26, 'Andhra Pradesh'),
(56, 'Nandyal', 15.49, 78.48, 'Andhra Pradesh'),
(57, 'Narasapur', 16.45, 81.7, 'Andhra Pradesh'),
(58, 'Narasaraopet', 16.24, 80.04, 'Andhra Pradesh'),
(59, 'Nellur', 14.46, 79.98, 'Andhra Pradesh'),
(60, 'Nirmal', 19.12, 78.35, 'Andhra Pradesh'),
(61, 'Nizamabad', 18.68, 78.1, 'Andhra Pradesh'),
(62, 'Nuzvid', 16.78, 80.85, 'Andhra Pradesh'),
(63, 'Ongole', 15.5, 80.05, 'Andhra Pradesh'),
(64, 'Palakollu', 16.52, 81.75, 'Andhra Pradesh'),
(65, 'Palasa', 18.77, 84.42, 'Andhra Pradesh'),
(66, 'Palwancha', 17.6, 80.68, 'Andhra Pradesh'),
(67, 'Patancheru', 17.53, 78.27, 'Andhra Pradesh'),
(68, 'Piduguralla', 16.48, 79.9, 'Andhra Pradesh'),
(69, 'Ponnur', 16.07, 80.56, 'Andhra Pradesh'),
(70, 'Proddatur', 14.73, 78.55, 'Andhra Pradesh'),
(71, 'Qutubullapur', 17.43, 78.47, 'Andhra Pradesh'),
(72, 'Rajamahendri', 17.02, 81.79, 'Andhra Pradesh'),
(73, 'Rajampet', 14.18, 79.17, 'Andhra Pradesh'),
(74, 'Rajendranagar', 17.29, 78.39, 'Andhra Pradesh'),
(75, 'Ramachandrapuram', 17.56, 78.04, 'Andhra Pradesh'),
(76, 'Ramagundam', 18.8, 79.45, 'Andhra Pradesh'),
(77, 'Rayachoti', 14.05, 78.75, 'Andhra Pradesh'),
(78, 'Rayadrug', 14.7, 76.87, 'Andhra Pradesh'),
(79, 'Samalkot', 17.06, 82.18, 'Andhra Pradesh'),
(80, 'Sangareddi', 17.63, 78.08, 'Andhra Pradesh'),
(81, 'Sattenapalle', 16.4, 80.18, 'Andhra Pradesh'),
(82, 'Serilungampalle', 17.48, 78.33, 'Andhra Pradesh'),
(83, 'Siddipet', 18.11, 78.84, 'Andhra Pradesh'),
(84, 'Sikandarabad', 17.47, 78.52, 'Andhra Pradesh'),
(85, 'Sirsilla', 18.4, 78.81, 'Andhra Pradesh'),
(86, 'Srikakulam', 18.3, 83.9, 'Andhra Pradesh'),
(87, 'Srikalahasti', 13.76, 79.7, 'Andhra Pradesh'),
(88, 'Suriapet', 17.15, 79.62, 'Andhra Pradesh'),
(89, 'Tadepalle', 16.48, 80.6, 'Andhra Pradesh'),
(90, 'Tadepallegudem', 16.82, 81.52, 'Andhra Pradesh'),
(91, 'Tadpatri', 14.91, 78, 'Andhra Pradesh'),
(92, 'Tandur', 17.25, 77.58, 'Andhra Pradesh'),
(93, 'Tanuku', 16.75, 81.69, 'Andhra Pradesh'),
(94, 'Tenali', 16.24, 80.65, 'Andhra Pradesh'),
(95, 'Tirupati', 13.63, 79.41, 'Andhra Pradesh'),
(96, 'Tuni', 17.35, 82.55, 'Andhra Pradesh'),
(97, 'Uppal Kalan', 17.38, 78.55, 'Andhra Pradesh'),
(98, 'Vijayawada', 16.52, 80.63, 'Andhra Pradesh'),
(99, 'Vinukonda', 16.05, 79.75, 'Andhra Pradesh'),
(100, 'Visakhapatnam', 17.73, 83.3, 'Andhra Pradesh'),
(101, 'Vizianagaram', 18.12, 83.4, 'Andhra Pradesh'),
(102, 'Vuyyuru', 16.37, 80.85, 'Andhra Pradesh'),
(103, 'Wanparti', 16.37, 78.07, 'Andhra Pradesh'),
(104, 'Warangal', 18.01, 79.58, 'Andhra Pradesh'),
(105, 'Yemmiganur', 15.73, 77.48, 'Andhra Pradesh'),
(106, 'Itanagar', 27.14, 93.61, 'Arunachal Pradesh'),
(107, 'Barpeta', 26.32, 91, 'Assam'),
(108, 'Bongaigaon', 26.48, 90.54, 'Assam'),
(109, 'Dhuburi', 26.03, 89.97, 'Assam'),
(110, 'Dibrugarh', 27.49, 94.91, 'Assam'),
(111, 'Diphu', 25.84, 93.43, 'Assam'),
(112, 'Guwahati', 26.19, 91.75, 'Assam'),
(113, 'Jorhat', 26.76, 94.2, 'Assam'),
(114, 'Karimganj', 24.85, 92.36, 'Assam'),
(115, 'Lakhimpur', 27.24, 94.1, 'Assam'),
(116, 'Lanka', 25.93, 92.95, 'Assam'),
(117, 'Nagaon', 26.35, 92.68, 'Assam'),
(118, 'Sibsagar', 26.99, 94.63, 'Assam'),
(119, 'Silchar', 24.83, 92.77, 'Assam'),
(120, 'Tezpur', 26.63, 92.79, 'Assam'),
(121, 'Tinsukia', 27.5, 95.36, 'Assam'),
(122, 'Alipur Duar', 26.5, 89.53, 'West Bengal'),
(123, 'Arambagh', 22.88, 87.78, 'West Bengal'),
(124, 'Asansol', 23.69, 86.98, 'West Bengal'),
(125, 'Ashoknagar Kalyangarh', 22.84, 88.63, 'West Bengal'),
(126, 'Baharampur', 24.1, 88.24, 'West Bengal'),
(127, 'Baidyabati', 22.79, 88.33, 'West Bengal'),
(128, 'Baj Baj', 22.48, 88.17, 'West Bengal'),
(129, 'Bally', 22.65, 88.35, 'West Bengal'),
(130, 'Bally Cantonment', 22.65, 88.36, 'West Bengal'),
(131, 'Balurghat', 25.23, 88.77, 'West Bengal'),
(132, 'Bangaon', 23.05, 88.83, 'West Bengal'),
(133, 'Bankra', 22.58, 88.31, 'West Bengal'),
(134, 'Bankura', 23.24, 87.07, 'West Bengal'),
(135, 'Bansbaria', 22.95, 88.4, 'West Bengal'),
(136, 'Baranagar', 22.64, 88.37, 'West Bengal'),
(137, 'Barddhaman', 23.24, 87.86, 'West Bengal'),
(138, 'Basirhat', 22.66, 88.86, 'West Bengal'),
(139, 'Bhadreswar', 22.84, 88.35, 'West Bengal'),
(140, 'Bhatpara', 22.89, 88.42, 'West Bengal'),
(141, 'Bidhannagar', 22.57, 88.42, 'West Bengal'),
(142, 'Binnaguri', 26.74, 89.037, 'West Bengal'),
(143, 'Bishnupur', 23.08, 87.33, 'West Bengal'),
(144, 'Bolpur', 23.67, 87.7, 'West Bengal'),
(145, 'Calcutta', 22.57, 88.36, 'West Bengal'),
(146, 'Chakdaha', 22.48, 88.35, 'West Bengal'),
(147, 'Champdani', 22.81, 88.34, 'West Bengal'),
(148, 'Chandannagar', 22.89, 88.37, 'West Bengal'),
(149, 'Contai', 21.79, 87.75, 'West Bengal'),
(150, 'Dabgram', 0, 0, 'West Bengal'),
(151, 'Darjiling', 27.05, 88.26, 'West Bengal'),
(152, 'Dhulian', 24.68, 87.97, 'West Bengal'),
(153, 'Dinhata', 26.13, 89.47, 'West Bengal'),
(154, 'Dum Dum', 22.63, 88.42, 'West Bengal'),
(155, 'Durgapur', 23.5, 87.31, 'West Bengal'),
(156, 'Gangarampur', 25.4, 88.52, 'West Bengal'),
(157, 'Garulia', 22.83, 88.37, 'West Bengal'),
(158, 'Gayespur', 22.98, 88.51, 'West Bengal'),
(159, 'Ghatal', 22.67, 87.72, 'West Bengal'),
(160, 'Gopalpur', 0, 0, 'West Bengal'),
(161, 'Habra', 22.84, 88.62, 'West Bengal'),
(162, 'Halisahar', 22.95, 88.42, 'West Bengal'),
(163, 'Haora', 22.58, 88.33, 'West Bengal'),
(164, 'HugliChunchura', 22.91, 88.4, 'West Bengal'),
(165, 'Ingraj Bazar', 25.01, 88.14, 'West Bengal'),
(166, 'Islampur', 26.27, 88.2, 'West Bengal'),
(167, 'Jalpaiguri', 26.53, 88.71, 'West Bengal'),
(168, 'Jamuria', 23.7, 87.08, 'West Bengal'),
(169, 'Jangipur', 24.47, 88.07, 'West Bengal'),
(170, 'Jhargram', 22.45, 86.98, 'West Bengal'),
(171, 'Kaliyaganj', 25.63, 88.32, 'West Bengal'),
(172, 'Kalna', 23.22, 88.37, 'West Bengal'),
(173, 'Kalyani', 22.98, 88.48, 'West Bengal'),
(174, 'Kamarhati', 22.67, 88.37, 'West Bengal'),
(175, 'Kanchrapara', 22.95, 88.45, 'West Bengal'),
(176, 'Kandi', 23.95, 88.03, 'West Bengal'),
(177, 'Karsiyang', 26.88, 88.28, 'West Bengal'),
(178, 'Katwa', 23.65, 88.13, 'West Bengal'),
(179, 'Kharagpur', 22.34, 87.31, 'West Bengal'),
(180, 'Kharagpur Railway Settlement', 22.34, 87.26, 'West Bengal'),
(181, 'Khardaha', 22.73, 88.38, 'West Bengal'),
(182, 'Kharia', 0, 0, 'West Bengal'),
(183, 'Koch Bihar', 26.33, 89.46, 'West Bengal'),
(184, 'Konnagar', 22.7, 88.36, 'West Bengal'),
(185, 'Krishnanagar', 23.41, 88.51, 'West Bengal'),
(186, 'Kulti', 23.72, 86.89, 'West Bengal'),
(187, 'Madhyamgram', 22.7, 88.45, 'West Bengal'),
(188, 'Maheshtala', 22.51, 88.23, 'West Bengal'),
(189, 'Memari', 23.2, 88.12, 'West Bengal'),
(190, 'Midnapur', 22.33, 87.15, 'West Bengal'),
(191, 'Naihati', 22.91, 88.43, 'West Bengal'),
(192, 'Navadwip', 23.42, 88.37, 'West Bengal'),
(193, 'Ni Barakpur', 22.77, 88.36, 'West Bengal'),
(194, 'North Barakpur', 22.78, 88.37, 'West Bengal'),
(195, 'North Dum Dum', 22.64, 88.41, 'West Bengal'),
(196, 'Old Maldah', 0, 0, 'West Bengal'),
(197, 'Panihati', 22.69, 88.37, 'West Bengal'),
(198, 'Phulia', 23.24, 88.5, 'West Bengal'),
(199, 'Pujali', 22.47, 88.15, 'West Bengal'),
(200, 'Puruliya', 23.34, 86.36, 'West Bengal'),
(201, 'Raiganj', 25.62, 88.12, 'West Bengal'),
(202, 'Rajpur', 22.44, 88.44, 'West Bengal'),
(203, 'Rampur Hat', 24.17, 87.78, 'West Bengal'),
(204, 'Ranaghat', 23.19, 88.58, 'West Bengal'),
(205, 'Raniganj', 23.62, 87.11, 'West Bengal'),
(206, 'Rishra', 22.71, 88.36, 'West Bengal'),
(207, 'Shantipur', 23.26, 88.44, 'West Bengal'),
(208, 'Shiliguri', 26.73, 88.42, 'West Bengal'),
(209, 'Shrirampur', 22.74, 88.35, 'West Bengal'),
(210, 'Siuri', 23.91, 87.53, 'West Bengal'),
(211, 'South Dum Dum', 22.61, 88.41, 'West Bengal'),
(212, 'Titagarh', 22.74, 88.38, 'West Bengal'),
(213, 'Ulubaria', 22.47, 88.11, 'West Bengal'),
(214, 'UttarparaKotrung', 22.66, 88.35, 'West Bengal'),
(215, 'Araria', 26.15, 87.52, 'Bihar'),
(216, 'Arrah', 25.56, 84.66, 'Bihar'),
(217, 'Aurangabad', 24.75, 84.37, 'Bihar'),
(218, 'Bagaha', 27.1, 84.09, 'Bihar'),
(219, 'Begusarai', 25.42, 86.12, 'Bihar'),
(220, 'Bettiah', 26.81, 84.5, 'Bihar'),
(221, 'Bhabua', 25.05, 83.62, 'Bihar'),
(222, 'Bhagalpur', 25.26, 86.98, 'Bihar'),
(223, 'Bihar', 25.21, 85.52, 'Bihar'),
(224, 'Buxar', 25.58, 83.98, 'Bihar'),
(225, 'Chhapra', 25.78, 84.72, 'Bihar'),
(226, 'Darbhanga', 26.16, 85.88, 'Bihar'),
(227, 'Dehri', 24.91, 84.18, 'Bihar'),
(228, 'DighaMainpura', 0, 0, 'Bihar'),
(229, 'Dinapur', 25.64, 85.04, 'Bihar'),
(230, 'Dumraon', 25.55, 84.15, 'Bihar'),
(231, 'Gaya', 24.81, 85, 'Bihar'),
(232, 'Gopalganj', 26.47, 84.43, 'Bihar'),
(233, 'Goura', 0, 0, 'Bihar'),
(234, 'Hajipur', 0, 0, 'Bihar'),
(235, 'Jahanabad', 25.22, 84.98, 'Bihar'),
(236, 'Jamalpur', 25.32, 86.48, 'Bihar'),
(237, 'Jamui', 24.92, 86.22, 'Bihar'),
(238, 'Katihar', 25.55, 87.57, 'Bihar'),
(239, 'Khagaria', 25.5, 86.48, 'Bihar'),
(240, 'Khagaul', 25.58, 85.05, 'Bihar'),
(241, 'Kishanganj', 26.11, 87.95, 'Bihar'),
(242, 'Lakhisarai', 25.18, 86.09, 'Bihar'),
(243, 'Madhipura', 25.92, 86.78, 'Bihar'),
(244, 'Madhubani', 26.37, 86.06, 'Bihar'),
(245, 'Masaurhi', 25.35, 85.03, 'Bihar'),
(246, 'Mokama', 25.4, 85.92, 'Bihar'),
(247, 'Motihari', 26.66, 84.91, 'Bihar'),
(248, 'Munger', 25.39, 86.47, 'Bihar'),
(249, 'Muzaffarpur', 26.13, 85.38, 'Bihar'),
(250, 'Nawada', 24.88, 85.54, 'Bihar'),
(251, 'Patna', 25.62, 85.13, 'Bihar'),
(252, 'Phulwari', 25.6, 85.13, 'Bihar'),
(253, 'Purnia', 25.78, 87.47, 'Bihar'),
(254, 'Raxaul', 26.98, 84.85, 'Bihar'),
(255, 'Saharsa', 25.88, 86.59, 'Bihar'),
(256, 'Samastipur', 25.85, 85.78, 'Bihar'),
(257, 'Sasaram', 24.96, 84.01, 'Bihar'),
(258, 'Sitamarhi', 26.61, 85.48, 'Bihar'),
(259, 'Siwan', 26.23, 84.35, 'Bihar'),
(260, 'Supaul', 26.12, 86.6, 'Bihar'),
(261, 'Chandigarh', 30.75, 76.78, 'Chandigarh'),
(262, 'Ambikapur', 23.13, 83.2, 'Chhattisgarh'),
(263, 'Bhilai', 21.21, 81.38, 'Chhattisgarh'),
(264, 'Bilaspur', 22.09, 82.15, 'Chhattisgarh'),
(265, 'Charoda', 21.23, 81.5, 'Chhattisgarh'),
(266, 'Chirmiri', 23.21, 82.41, 'Chhattisgarh'),
(267, 'Dhamtari', 20.71, 81.55, 'Chhattisgarh'),
(268, 'Durg', 21.2, 81.28, 'Chhattisgarh'),
(269, 'Jagdalpur', 19.09, 82.03, 'Chhattisgarh'),
(270, 'Korba', 22.35, 82.69, 'Chhattisgarh'),
(271, 'Raigarh', 21.9, 83.39, 'Chhattisgarh'),
(272, 'Raipur', 21.24, 81.63, 'Chhattisgarh'),
(273, 'Rajnandgaon', 21.1, 81.04, 'Chhattisgarh'),
(274, 'Bhalswa Jahangirpur', 28.74, 77.17, 'Delhi'),
(275, 'Burari', 0, 0, 'Delhi'),
(276, 'Chilla Saroda Bangar', 0, 0, 'Delhi'),
(277, 'Dallo Pura', 0, 0, 'Delhi'),
(278, 'Delhi', 28.67, 77.21, 'Delhi'),
(279, 'Deoli', 28.49, 77.22, 'Delhi'),
(280, 'Dilli Cantonment', 28.57, 77.16, 'Delhi'),
(281, 'Gharoli', 0, 0, 'Delhi'),
(282, 'Gokalpur', 28.71, 77.28, 'Delhi'),
(283, 'Hastsal', 0, 0, 'Delhi'),
(284, 'Jaffrabad', 0, 0, 'Delhi'),
(285, 'Karawal Nagar', 0, 0, 'Delhi'),
(286, 'Khajuri Khas', 0, 0, 'Delhi'),
(287, 'Kirari Suleman Nagar', 0, 0, 'Delhi'),
(288, 'Mandoli', 0, 0, 'Delhi'),
(289, 'Mithe Pur', 0, 0, 'Delhi'),
(290, 'Molarband', 0, 0, 'Delhi'),
(291, 'Mundka', 0, 0, 'Delhi'),
(292, 'Mustafabad', 0, 0, 'Delhi'),
(293, 'Nangloi Jat', 28.68, 77.07, 'Delhi'),
(294, 'Ni Dilli', 28.6, 77.22, 'Delhi'),
(295, 'Pul Pehlad', 0, 0, 'Delhi'),
(296, 'Puth Kalan', 0, 0, 'Delhi'),
(297, 'Roshan Pura', 28.6, 76.99, 'Delhi'),
(298, 'Sadat Pur Gujran', 0, 0, 'Delhi'),
(299, 'Sultanpur Majra', 28.76, 77.06, 'Delhi'),
(300, 'Tajpul', 0, 0, 'Delhi'),
(301, 'Tigri', 28.5, 77.22, 'Delhi'),
(302, 'Ziauddin Pur', 0, 0, 'Delhi'),
(303, 'Madgaon', 15.28, 73.94, 'Goa'),
(304, 'Mormugao', 15.42, 73.78, 'Goa'),
(305, 'Panaji', 15.5, 73.81, 'Goa'),
(306, 'Ahmadabad', 23.03, 72.58, 'Gujarat'),
(307, 'Amreli', 21.61, 71.22, 'Gujarat'),
(308, 'Anand', 22.56, 72.95, 'Gujarat'),
(309, 'Anjar', 23.12, 70.02, 'Gujarat'),
(310, 'Bardoli', 21.12, 73.12, 'Gujarat'),
(311, 'Bharuch', 21.71, 72.97, 'Gujarat'),
(312, 'Bhavnagar', 21.79, 72.13, 'Gujarat'),
(313, 'Bhuj', 23.26, 69.66, 'Gujarat'),
(314, 'Borsad', 22.42, 72.9, 'Gujarat'),
(315, 'Botad', 22.18, 71.66, 'Gujarat'),
(316, 'Chandkheda', 23.15, 72.61, 'Gujarat'),
(317, 'Chandlodiya', 23.1, 72.56, 'Gujarat'),
(318, 'Dabhoi', 22.13, 73.41, 'Gujarat'),
(319, 'Dahod', 22.84, 74.25, 'Gujarat'),
(320, 'Dholka', 22.74, 72.44, 'Gujarat'),
(321, 'Dhoraji', 21.74, 70.44, 'Gujarat'),
(322, 'Dhrangadhra', 23, 71.46, 'Gujarat'),
(323, 'Disa', 24.26, 72.18, 'Gujarat'),
(324, 'Gandhidham', 23.07, 70.13, 'Gujarat'),
(325, 'Gandhinagar', 23.3, 72.63, 'Gujarat'),
(326, 'Ghatlodiya', 23.05, 72.55, 'Gujarat'),
(327, 'Godhra', 22.77, 73.6, 'Gujarat'),
(328, 'Gondal', 21.97, 70.8, 'Gujarat'),
(329, 'Himatnagar', 23.6, 72.96, 'Gujarat'),
(330, 'Jamnagar', 22.47, 70.07, 'Gujarat'),
(331, 'Jamnagar', 0, 0, 'Gujarat'),
(332, 'Jetpur', 21.75, 70.61, 'Gujarat'),
(333, 'Junagadh', 21.52, 70.45, 'Gujarat'),
(334, 'Kalol', 23.25, 72.49, 'Gujarat'),
(335, 'Keshod', 21.31, 70.23, 'Gujarat'),
(336, 'Khambhat', 22.32, 72.61, 'Gujarat'),
(337, 'Kundla', 21.35, 71.3, 'Gujarat'),
(338, 'Mahuva', 21.1, 71.75, 'Gujarat'),
(339, 'Mangrol', 21.12, 70.12, 'Gujarat'),
(340, 'Modasa', 23.47, 73.3, 'Gujarat'),
(341, 'Morvi', 22.82, 70.83, 'Gujarat'),
(342, 'Nadiad', 22.7, 72.85, 'Gujarat'),
(343, 'Navagam Ghed', 0, 0, 'Gujarat'),
(344, 'Navsari', 20.96, 72.92, 'Gujarat'),
(345, 'Palitana', 21.52, 71.83, 'Gujarat'),
(346, 'Patan', 23.86, 72.11, 'Gujarat'),
(347, 'Porbandar', 21.65, 69.6, 'Gujarat'),
(348, 'Puna', 0, 0, 'Gujarat'),
(349, 'Rajkot', 22.31, 70.79, 'Gujarat'),
(350, 'Ramod', 0, 0, 'Gujarat'),
(351, 'Ranip', 23.03, 72.54, 'Gujarat'),
(352, 'Siddhapur', 23.92, 72.37, 'Gujarat'),
(353, 'Sihor', 21.7, 71.97, 'Gujarat'),
(354, 'Surat', 21.2, 72.82, 'Gujarat'),
(355, 'Surendranagar', 22.71, 71.67, 'Gujarat'),
(356, 'Thaltej', 0, 0, 'Gujarat'),
(357, 'Una', 20.82, 71.03, 'Gujarat'),
(358, 'Unjha', 23.81, 72.38, 'Gujarat'),
(359, 'Upleta', 21.75, 70.27, 'Gujarat'),
(360, 'Vadodara', 22.31, 73.18, 'Gujarat'),
(361, 'Valsad', 20.62, 72.92, 'Gujarat'),
(362, 'Vapi', 20.37, 72.9, 'Gujarat'),
(363, 'Vastral', 0, 0, 'Gujarat'),
(364, 'Vejalpur', 0, 0, 'Gujarat'),
(365, 'Veraval', 20.92, 70.34, 'Gujarat'),
(366, 'Vijalpor', 0, 0, 'Gujarat'),
(367, 'Visnagar', 23.71, 72.54, 'Gujarat'),
(368, 'Wadhwan', 22.73, 71.72, 'Gujarat'),
(369, 'Ambala', 30.38, 76.77, 'Haryana'),
(370, 'Ambala Cantonment', 30.39, 76.86, 'Haryana'),
(371, 'Ambala Sadar', 30.35, 76.84, 'Haryana'),
(372, 'Bahadurgarh', 28.69, 76.92, 'Haryana'),
(373, 'Bhiwani', 28.81, 76.12, 'Haryana'),
(374, 'Charkhi Dadri', 28.6, 76.27, 'Haryana'),
(375, 'Dabwali', 29.95, 74.73, 'Haryana'),
(376, 'Faridabad', 28.38, 77.3, 'Haryana'),
(377, 'Gohana', 29.13, 76.7, 'Haryana'),
(378, 'Hisar', 29.17, 75.72, 'Haryana'),
(379, 'Jagadhri', 30.18, 77.29, 'Haryana'),
(380, 'Jind', 29.31, 76.3, 'Haryana'),
(381, 'Kaithal', 29.81, 76.4, 'Haryana'),
(382, 'Karnal', 29.69, 76.97, 'Haryana'),
(383, 'Narnaul', 28.04, 76.1, 'Haryana'),
(384, 'Narwana', 29.62, 76.12, 'Haryana'),
(385, 'Palwal', 28.15, 77.32, 'Haryana'),
(386, 'Panchkula', 30.7, 76.88, 'Haryana'),
(387, 'Panipat', 29.39, 76.96, 'Haryana'),
(388, 'Rewari', 28.19, 76.6, 'Haryana'),
(389, 'Rohtak', 28.9, 76.58, 'Haryana'),
(390, 'Sirsa', 29.53, 75.03, 'Haryana'),
(391, 'Sonipat', 28.99, 77.01, 'Haryana'),
(392, 'Thanesar', 29.98, 76.82, 'Haryana'),
(393, 'Tohana', 29.7, 75.9, 'Haryana'),
(394, 'Yamunanagar', 30.14, 77.28, 'Haryana'),
(395, 'Shimla', 31.11, 77.16, 'Himachal Pradesh'),
(396, 'Anantnag', 33.73, 75.15, 'Jammu and Kashmir'),
(397, 'Baramula', 34.2, 74.35, 'Jammu and Kashmir'),
(398, 'Bari Brahmana', 0, 0, 'Jammu and Kashmir'),
(399, 'Jammu', 32.71, 74.85, 'Jammu and Kashmir'),
(400, 'Kathua', 32.37, 75.52, 'Jammu and Kashmir'),
(401, 'Sopur', 34.3, 74.47, 'Jammu and Kashmir'),
(402, 'Srinagar', 34.09, 74.79, 'Jammu and Kashmir'),
(403, 'Udhampur', 32.93, 75.13, 'Jammu and Kashmir'),
(404, 'Adityapur', 22.8, 86.04, 'Jharkhand'),
(405, 'Bagbahra', 22.82, 86.2, 'Jharkhand'),
(406, 'Bhuli', 23.79, 86.38, 'Jharkhand'),
(407, 'Bokaro', 23.78, 85.96, 'Jharkhand'),
(408, 'Chaibasa', 22.56, 85.8, 'Jharkhand'),
(409, 'Chas', 23.65, 86.17, 'Jharkhand'),
(410, 'Daltenganj', 24.05, 84.06, 'Jharkhand'),
(411, 'Devghar', 24.49, 86.69, 'Jharkhand'),
(412, 'Dhanbad', 23.8, 86.42, 'Jharkhand'),
(413, 'Hazaribag', 24.01, 85.36, 'Jharkhand'),
(414, 'Jamshedpur', 22.79, 86.2, 'Jharkhand'),
(415, 'Jharia', 23.76, 86.42, 'Jharkhand'),
(416, 'Jhumri Tilaiya', 24.43, 85.52, 'Jharkhand'),
(417, 'Jorapokhar', 23.79, 86.36, 'Jharkhand'),
(418, 'Katras', 23.8, 86.28, 'Jharkhand'),
(419, 'Lohardaga', 23.43, 84.68, 'Jharkhand'),
(420, 'Mango', 22.85, 86.21, 'Jharkhand'),
(421, 'Phusro', 23.68, 85.86, 'Jharkhand'),
(422, 'Ramgarh', 23.63, 85.51, 'Jharkhand'),
(423, 'Ranchi', 23.36, 85.33, 'Jharkhand'),
(424, 'Sahibganj', 25.25, 87.62, 'Jharkhand'),
(425, 'Saunda', 23.64, 85.37, 'Jharkhand'),
(426, 'Sindari', 23.68, 86.49, 'Jharkhand'),
(427, 'Bagalkot', 16.19, 75.69, 'Karnataka'),
(428, 'Bangalore', 12.97, 77.56, 'Karnataka'),
(429, 'Basavakalyan', 17.87, 76.95, 'Karnataka'),
(430, 'Belgaum', 15.86, 74.5, 'Karnataka'),
(431, 'Bellary', 15.14, 76.91, 'Karnataka'),
(432, 'Bhadravati', 13.84, 75.69, 'Karnataka'),
(433, 'Bidar', 17.92, 77.52, 'Karnataka'),
(434, 'Bijapur', 16.83, 75.71, 'Karnataka'),
(435, 'Bommanahalli', 13.01, 77.63, 'Karnataka'),
(436, 'Byatarayanapura', 0, 0, 'Karnataka'),
(437, 'Challakere', 14.32, 76.65, 'Karnataka'),
(438, 'Chamrajnagar', 11.92, 76.95, 'Karnataka'),
(439, 'Channapatna', 12.66, 77.19, 'Karnataka'),
(440, 'Chik Ballapur', 13.47, 77.73, 'Karnataka'),
(441, 'Chikmagalur', 13.32, 75.76, 'Karnataka'),
(442, 'Chintamani', 13.4, 78.05, 'Karnataka'),
(443, 'Chitradurga', 14.23, 76.39, 'Karnataka'),
(444, 'Dasarahalli', 13.01, 77.49, 'Karnataka'),
(445, 'Davanagere', 14.46, 75.92, 'Karnataka'),
(446, 'Dod Ballapur', 13.3, 77.52, 'Karnataka'),
(447, 'Gadag', 15.44, 75.63, 'Karnataka'),
(448, 'Gangawati', 15.44, 76.52, 'Karnataka'),
(449, 'Gokak', 16.18, 74.81, 'Karnataka'),
(450, 'Gulbarga', 17.34, 76.82, 'Karnataka'),
(451, 'Harihar', 14.52, 75.8, 'Karnataka'),
(452, 'Hassan', 13.01, 76.08, 'Karnataka'),
(453, 'Haveri', 14.8, 75.4, 'Karnataka'),
(454, 'Hiriyur', 13.97, 76.6, 'Karnataka'),
(455, 'Hosakote', 0, 0, 'Karnataka'),
(456, 'Hospet', 15.28, 76.37, 'Karnataka'),
(457, 'Hubli', 15.36, 75.13, 'Karnataka'),
(458, 'Ilkal', 15.97, 76.13, 'Karnataka'),
(459, 'Jamkhandi', 16.51, 75.28, 'Karnataka'),
(460, 'Kanakapura', 12.54, 77.42, 'Karnataka'),
(461, 'Karwar', 14.82, 74.12, 'Karnataka'),
(462, 'Kolar', 13.14, 78.13, 'Karnataka'),
(463, 'Kollegal', 12.15, 77.12, 'Karnataka'),
(464, 'Koppal', 15.35, 76.15, 'Karnataka'),
(465, 'Krishnarajapura', 12.97, 77.74, 'Karnataka'),
(466, 'Mahadevapura', 0, 0, 'Karnataka'),
(467, 'Maisuru', 12.31, 76.65, 'Karnataka'),
(468, 'Mandya', 12.54, 76.89, 'Karnataka'),
(469, 'Mangaluru', 12.88, 74.84, 'Karnataka'),
(470, 'Nipani', 16.41, 74.38, 'Karnataka'),
(471, 'Pattanagere', 0, 0, 'Karnataka'),
(472, 'Puttur', 12.77, 75.22, 'Karnataka'),
(473, 'Rabkavi', 16.47, 75.11, 'Karnataka'),
(474, 'Raichur', 16.21, 77.35, 'Karnataka'),
(475, 'Ramanagaram', 12.72, 77.27, 'Karnataka'),
(476, 'Ranibennur', 14.62, 75.61, 'Karnataka'),
(477, 'Robertsonpet', 12.97, 78.28, 'Karnataka'),
(478, 'Sagar', 14.17, 75.03, 'Karnataka'),
(479, 'Shahabad', 17.13, 76.93, 'Karnataka'),
(480, 'Shahpur', 16.7, 76.83, 'Karnataka'),
(481, 'Shimoga', 13.93, 75.57, 'Karnataka'),
(482, 'Shorapur', 16.52, 76.75, 'Karnataka'),
(483, 'Sidlaghatta', 13.38, 77.87, 'Karnataka'),
(484, 'Sira', 13.75, 76.9, 'Karnataka'),
(485, 'Sirsi', 14.62, 74.85, 'Karnataka'),
(486, 'Tiptur', 13.27, 76.48, 'Karnataka'),
(487, 'Tumkur', 13.34, 77.1, 'Karnataka'),
(488, 'Udupi', 13.35, 74.75, 'Karnataka'),
(489, 'Ullal', 12.8, 74.85, 'Karnataka'),
(490, 'Yadgir', 16.77, 77.13, 'Karnataka'),
(491, 'Yelahanka', 13.1, 77.6, 'Karnataka'),
(492, 'Alappuzha', 9.5, 76.33, 'Kerala'),
(493, 'Beypur', 11.18, 75.82, 'Kerala'),
(494, 'Cheruvannur', 11.21, 75.84, 'Kerala'),
(495, 'Edakkara', 0, 0, 'Kerala'),
(496, 'Edathala', 10.03, 76.32, 'Kerala'),
(497, 'Kalamassery', 10.05, 76.27, 'Kerala'),
(498, 'Kannan Devan Hills', 0, 0, 'Kerala'),
(499, 'Kannangad', 12.34, 75.09, 'Kerala'),
(500, 'Kannur', 11.86, 75.35, 'Kerala'),
(501, 'Kayankulam', 9.17, 76.49, 'Kerala'),
(502, 'Kochi', 10.02, 76.22, 'Kerala'),
(503, 'Kollam', 8.89, 76.58, 'Kerala'),
(504, 'Kottayam', 9.6, 76.52, 'Kerala'),
(505, 'Koyilandi', 11.43, 75.7, 'Kerala'),
(506, 'Kozhikkod', 11.26, 75.78, 'Kerala'),
(507, 'Kunnamkulam', 10.65, 76.08, 'Kerala'),
(508, 'Malappuram', 11.07, 76.06, 'Kerala'),
(509, 'Manjeri', 11.12, 76.11, 'Kerala'),
(510, 'Nedumangad', 8.61, 77, 'Kerala'),
(511, 'Neyyattinkara', 8.4, 77.08, 'Kerala'),
(512, 'Palakkad', 10.78, 76.65, 'Kerala'),
(513, 'Pallichal', 0, 0, 'Kerala'),
(514, 'Payyannur', 12.1, 75.19, 'Kerala'),
(515, 'Ponnani', 10.78, 75.92, 'Kerala'),
(516, 'Talipparamba', 12.03, 75.36, 'Kerala'),
(517, 'Thalassery', 11.75, 75.49, 'Kerala'),
(518, 'Thiruvananthapuram', 8.51, 76.95, 'Kerala'),
(519, 'Thrippunithura', 9.94, 76.35, 'Kerala'),
(520, 'Thrissur', 10.52, 76.21, 'Kerala'),
(521, 'Tirur', 10.91, 75.92, 'Kerala'),
(522, 'Tiruvalla', 9.39, 76.57, 'Kerala'),
(523, 'Vadakara', 11.61, 75.58, 'Kerala'),
(524, 'Ashoknagar', 24.57, 77.72, 'Madhya Pradesh'),
(525, 'Balaghat', 21.8, 80.18, 'Madhya Pradesh'),
(526, 'Basoda', 23.85, 77.93, 'Madhya Pradesh'),
(527, 'Betul', 21.92, 77.9, 'Madhya Pradesh'),
(528, 'Bhind', 26.57, 78.77, 'Madhya Pradesh'),
(529, 'Bhopal', 23.24, 77.4, 'Madhya Pradesh'),
(530, 'BinaEtawa', 24.2, 78.2, 'Madhya Pradesh'),
(531, 'Burhanpur', 21.33, 76.22, 'Madhya Pradesh'),
(532, 'Chhatarpur', 24.92, 79.58, 'Madhya Pradesh'),
(533, 'Chhindwara', 22.07, 78.94, 'Madhya Pradesh'),
(534, 'Dabra', 25.9, 78.33, 'Madhya Pradesh'),
(535, 'Damoh', 23.85, 79.44, 'Madhya Pradesh'),
(536, 'Datia', 25.67, 78.45, 'Madhya Pradesh'),
(537, 'Dewas', 22.97, 76.05, 'Madhya Pradesh'),
(538, 'Dhar', 22.6, 75.29, 'Madhya Pradesh'),
(539, 'Gohad', 26.43, 78.45, 'Madhya Pradesh'),
(540, 'Guna', 24.65, 77.3, 'Madhya Pradesh'),
(541, 'Gwalior', 26.23, 78.17, 'Madhya Pradesh'),
(542, 'Harda', 22.33, 77.11, 'Madhya Pradesh'),
(543, 'Hoshangabad', 22.75, 77.71, 'Madhya Pradesh'),
(544, 'Indore', 22.72, 75.86, 'Madhya Pradesh'),
(545, 'Itarsi', 22.62, 77.76, 'Madhya Pradesh'),
(546, 'Jabalpur', 23.17, 79.94, 'Madhya Pradesh'),
(547, 'Jabalpur Cantonment', 23.16, 79.95, 'Madhya Pradesh'),
(548, 'Jaora', 23.64, 75.11, 'Madhya Pradesh'),
(549, 'Khandwa', 21.83, 76.35, 'Madhya Pradesh'),
(550, 'Khargone', 21.83, 75.6, 'Madhya Pradesh'),
(551, 'Mandidip', 23.1, 77.52, 'Madhya Pradesh'),
(552, 'Mandsaur', 24.07, 75.07, 'Madhya Pradesh'),
(553, 'Mau', 22.56, 75.75, 'Madhya Pradesh'),
(554, 'Morena', 26.51, 77.99, 'Madhya Pradesh'),
(555, 'Murwara', 23.85, 80.39, 'Madhya Pradesh'),
(556, 'Nagda', 23.46, 75.42, 'Madhya Pradesh'),
(557, 'Nimach', 24.47, 74.87, 'Madhya Pradesh'),
(558, 'Pithampur', 0, 0, 'Madhya Pradesh'),
(559, 'Raghogarh', 24.45, 77.2, 'Madhya Pradesh'),
(560, 'Ratlam', 23.35, 75.03, 'Madhya Pradesh'),
(561, 'Rewa', 24.53, 81.29, 'Madhya Pradesh'),
(562, 'Sagar', 23.85, 78.75, 'Madhya Pradesh'),
(563, 'Sarni', 22.04, 78.27, 'Madhya Pradesh'),
(564, 'Satna', 24.58, 80.83, 'Madhya Pradesh'),
(565, 'Sehore', 23.2, 77.08, 'Madhya Pradesh'),
(566, 'Sendhwa', 21.68, 75.1, 'Madhya Pradesh'),
(567, 'Seoni', 22.1, 79.55, 'Madhya Pradesh'),
(568, 'Shahdol', 23.3, 81.36, 'Madhya Pradesh'),
(569, 'Shajapur', 23.43, 76.27, 'Madhya Pradesh'),
(570, 'Sheopur', 25.67, 76.7, 'Madhya Pradesh'),
(571, 'Shivapuri', 25.43, 77.65, 'Madhya Pradesh'),
(572, 'Sidhi', 24.42, 81.88, 'Madhya Pradesh'),
(573, 'Singrauli', 23.84, 82.27, 'Madhya Pradesh'),
(574, 'Tikamgarh', 24.74, 78.83, 'Madhya Pradesh'),
(575, 'Ujjain', 23.19, 75.78, 'Madhya Pradesh'),
(576, 'Vidisha', 23.53, 77.8, 'Madhya Pradesh'),
(577, 'Achalpur', 21.26, 77.5, 'Maharashtra'),
(578, 'Ahmadnagar', 19.1, 74.74, 'Maharashtra'),
(579, 'Akola', 20.71, 77, 'Maharashtra'),
(580, 'Akot', 21.1, 77.05, 'Maharashtra'),
(581, 'Amalner', 21.05, 75.06, 'Maharashtra'),
(582, 'Ambajogai', 18.73, 76.38, 'Maharashtra'),
(583, 'Amravati', 20.95, 77.76, 'Maharashtra'),
(584, 'Anjangaon', 21.16, 77.31, 'Maharashtra'),
(585, 'Aurangabad', 19.89, 75.32, 'Maharashtra'),
(586, 'Badlapur', 19.15, 73.27, 'Maharashtra'),
(587, 'Ballarpur', 19.85, 79.35, 'Maharashtra'),
(588, 'Baramati', 18.15, 74.58, 'Maharashtra'),
(589, 'Barsi', 18.24, 75.69, 'Maharashtra'),
(590, 'Basmat', 19.32, 77.17, 'Maharashtra'),
(591, 'Bhadravati', 20.11, 79.12, 'Maharashtra'),
(592, 'Bhandara', 21.18, 79.65, 'Maharashtra'),
(593, 'Bhiwandi', 19.3, 73.05, 'Maharashtra'),
(594, 'Bhusawal', 21.05, 75.78, 'Maharashtra'),
(595, 'Bid', 18.99, 75.76, 'Maharashtra'),
(596, 'Mumbai', 18.96, 72.82, 'Maharashtra'),
(597, 'Buldana', 20.54, 76.18, 'Maharashtra'),
(598, 'Chalisgaon', 20.46, 74.99, 'Maharashtra'),
(599, 'Chandrapur', 19.96, 79.3, 'Maharashtra'),
(600, 'Chikhli', 20.35, 76.25, 'Maharashtra'),
(601, 'Chiplun', 17.53, 73.52, 'Maharashtra'),
(602, 'Chopda', 21.25, 75.28, 'Maharashtra'),
(603, 'Dahanu', 19.97, 72.73, 'Maharashtra'),
(604, 'Deolali', 19.95, 73.84, 'Maharashtra'),
(605, 'Dhule', 20.9, 74.77, 'Maharashtra'),
(606, 'Digdoh', 0, 0, 'Maharashtra'),
(607, 'Diglur', 18.55, 77.6, 'Maharashtra'),
(608, 'Gadchiroli', 20.17, 80, 'Maharashtra'),
(609, 'Gondiya', 21.47, 80.2, 'Maharashtra'),
(610, 'Hinganghat', 20.56, 78.83, 'Maharashtra'),
(611, 'Hingoli', 19.72, 77.14, 'Maharashtra'),
(612, 'Ichalkaranji', 16.69, 74.46, 'Maharashtra'),
(613, 'Jalgaon', 21.01, 75.56, 'Maharashtra'),
(614, 'Jalna', 19.85, 75.88, 'Maharashtra'),
(615, 'Kalyan', 19.25, 73.16, 'Maharashtra'),
(616, 'Kamthi', 21.23, 79.2, 'Maharashtra'),
(617, 'Karanja', 20.48, 77.48, 'Maharashtra'),
(618, 'Khadki', 18.57, 73.83, 'Maharashtra'),
(619, 'Khamgaon', 20.7, 76.56, 'Maharashtra'),
(620, 'Khopoli', 18.78, 73.33, 'Maharashtra'),
(621, 'Kolhapur', 16.7, 74.22, 'Maharashtra'),
(622, 'Kopargaon', 19.88, 74.48, 'Maharashtra'),
(623, 'Latur', 18.41, 76.58, 'Maharashtra'),
(624, 'Lonavale', 18.75, 73.42, 'Maharashtra'),
(625, 'Malegaon', 20.56, 74.52, 'Maharashtra'),
(626, 'Malkapur', 20.9, 76.19, 'Maharashtra'),
(627, 'Manmad', 20.26, 74.43, 'Maharashtra'),
(628, 'Mira Bhayandar', 19.29, 72.85, 'Maharashtra'),
(629, 'Nagpur', 21.16, 79.08, 'Maharashtra'),
(630, 'Nalasopara', 19.43, 72.78, 'Maharashtra'),
(631, 'Nanded', 19.17, 77.29, 'Maharashtra'),
(632, 'Nandurbar', 21.38, 74.23, 'Maharashtra'),
(633, 'Nashik', 20.01, 73.78, 'Maharashtra'),
(634, 'Navghar', 19.34, 72.9, 'Maharashtra'),
(635, 'Navi Mumbai', 19.11, 73.06, 'Maharashtra'),
(636, 'Navi Mumbai', 19, 73.1, 'Maharashtra'),
(637, 'Osmanabad', 18.17, 76.03, 'Maharashtra'),
(638, 'Palghar', 19.68, 72.75, 'Maharashtra'),
(639, 'Pandharpur', 17.68, 75.31, 'Maharashtra'),
(640, 'Parbhani', 19.27, 76.76, 'Maharashtra'),
(641, 'Phaltan', 17.98, 74.43, 'Maharashtra'),
(642, 'Pimpri', 18.62, 73.8, 'Maharashtra'),
(643, 'Pune', 18.53, 73.84, 'Maharashtra'),
(644, 'Pune Cantonment', 18.5, 73.88, 'Maharashtra'),
(645, 'Pusad', 19.91, 77.57, 'Maharashtra'),
(646, 'Ratnagiri', 17, 73.29, 'Maharashtra'),
(647, 'SangliMiraj', 16.86, 74.57, 'Maharashtra'),
(648, 'Satara', 17.7, 74, 'Maharashtra'),
(649, 'Shahada', 21.55, 74.47, 'Maharashtra'),
(650, 'Shegaon', 20.78, 76.68, 'Maharashtra'),
(651, 'Shirpur', 21.35, 74.88, 'Maharashtra'),
(652, 'Sholapur', 17.67, 75.89, 'Maharashtra'),
(653, 'Shrirampur', 19.63, 74.64, 'Maharashtra'),
(654, 'Sillod', 20.3, 75.65, 'Maharashtra'),
(655, 'Thana', 19.2, 72.97, 'Maharashtra'),
(656, 'Udgir', 18.4, 77.11, 'Maharashtra'),
(657, 'Ulhasnagar', 19.23, 73.15, 'Maharashtra'),
(658, 'Uran Islampur', 17.05, 74.27, 'Maharashtra'),
(659, 'Vasai', 19.36, 72.8, 'Maharashtra'),
(660, 'Virar', 19.47, 72.79, 'Maharashtra'),
(661, 'Wadi', 0, 0, 'Maharashtra'),
(662, 'Wani', 20.07, 78.95, 'Maharashtra'),
(663, 'Wardha', 20.75, 78.6, 'Maharashtra'),
(664, 'Warud', 21.47, 78.27, 'Maharashtra'),
(665, 'Washim', 20.1, 77.13, 'Maharashtra'),
(666, 'Yavatmal', 20.41, 78.13, 'Maharashtra'),
(667, 'Imphal', 24.79, 93.94, 'Manipur'),
(668, 'Shillong', 25.57, 91.87, 'Meghalaya'),
(669, 'Tura', 25.52, 90.22, 'Meghalaya'),
(670, 'Aizawl', 23.71, 92.71, 'Mizoram'),
(671, 'Lunglei', 22.88, 92.73, 'Mizoram'),
(672, 'Dimapur', 25.92, 93.73, 'Nagaland'),
(673, 'Kohima', 25.67, 94.11, 'Nagaland'),
(674, 'Wokha', 26.1, 94.27, 'Nagaland'),
(675, 'Balangir', 20.71, 83.5, 'Orissa'),
(676, 'Baleshwar', 21.49, 86.95, 'Orissa'),
(677, 'Barbil', 22.12, 85.4, 'Orissa'),
(678, 'Bargarh', 21.34, 83.61, 'Orissa'),
(679, 'Baripada', 21.95, 86.73, 'Orissa'),
(680, 'Bhadrak', 21.06, 86.52, 'Orissa'),
(681, 'Bhawanipatna', 19.91, 83.17, 'Orissa'),
(682, 'Bhubaneswar', 20.27, 85.84, 'Orissa'),
(683, 'Brahmapur', 19.32, 84.8, 'Orissa'),
(684, 'Brajrajnagar', 21.82, 83.91, 'Orissa'),
(685, 'Dhenkanal', 20.67, 85.6, 'Orissa'),
(686, 'Jaypur', 18.86, 82.56, 'Orissa'),
(687, 'Jharsuguda', 21.87, 84.01, 'Orissa'),
(688, 'Kataka', 20.47, 85.88, 'Orissa'),
(689, 'Kendujhar', 21.63, 85.58, 'Orissa'),
(690, 'Paradwip', 20.32, 86.62, 'Orissa'),
(691, 'Puri', 19.81, 85.83, 'Orissa'),
(692, 'Raurkela', 22.24, 84.81, 'Orissa'),
(693, 'Raurkela Industrial Township', 0, 0, 'Orissa'),
(694, 'Rayagada', 19.18, 83.41, 'Orissa'),
(695, 'Sambalpur', 21.47, 83.97, 'Orissa'),
(696, 'Sunabeda', 18.69, 82.86, 'Orissa'),
(697, 'Karaikal', 10.93, 79.83, 'Pondicherry'),
(698, 'Ozhukarai', 11.94, 79.77, 'Pondicherry'),
(699, 'Pondicherry', 11.94, 79.83, 'Pondicherry'),
(700, 'Abohar', 30.14, 74.2, 'Punjab'),
(701, 'Amritsar', 31.64, 74.87, 'Punjab'),
(702, 'Barnala', 30.39, 75.54, 'Punjab'),
(703, 'Batala', 31.82, 75.21, 'Punjab'),
(704, 'Bathinda', 30.17, 74.97, 'Punjab'),
(705, 'Dhuri', 30.37, 75.87, 'Punjab'),
(706, 'Faridkot', 30.68, 74.74, 'Punjab'),
(707, 'Fazilka', 30.41, 74.02, 'Punjab'),
(708, 'Firozpur', 30.92, 74.61, 'Punjab'),
(709, 'Firozpur Cantonment', 30.95, 74.6, 'Punjab'),
(710, 'Gobindgarh', 30.66, 76.31, 'Punjab'),
(711, 'Gurdaspur', 32.04, 75.4, 'Punjab'),
(712, 'Hoshiarpur', 31.53, 75.91, 'Punjab'),
(713, 'Jagraon', 30.78, 75.48, 'Punjab'),
(714, 'Jalandhar', 31.33, 75.57, 'Punjab'),
(715, 'Kapurthala', 31.38, 75.38, 'Punjab'),
(716, 'Khanna', 30.71, 76.21, 'Punjab'),
(717, 'Kot Kapura', 30.59, 74.8, 'Punjab'),
(718, 'Ludhiana', 30.91, 75.84, 'Punjab'),
(719, 'Malaut', 30.23, 74.48, 'Punjab'),
(720, 'Maler Kotla', 30.54, 75.87, 'Punjab'),
(721, 'Mansa', 29.98, 75.39, 'Punjab'),
(722, 'Moga', 30.82, 75.17, 'Punjab'),
(723, 'Mohali', 30.78, 76.69, 'Punjab'),
(724, 'Pathankot', 32.27, 75.64, 'Punjab'),
(725, 'Patiala', 30.32, 76.39, 'Punjab'),
(726, 'Phagwara', 31.22, 75.76, 'Punjab'),
(727, 'Rajpura', 30.48, 76.59, 'Punjab'),
(728, 'Rupnagar', 30.98, 76.52, 'Punjab'),
(729, 'Samana', 30.15, 76.2, 'Punjab'),
(730, 'Sangrur', 30.25, 75.84, 'Punjab'),
(731, 'Sirhind', 30.65, 76.38, 'Punjab'),
(732, 'Sunam', 30.13, 75.8, 'Punjab'),
(733, 'Tarn Taran', 31.45, 74.92, 'Punjab'),
(734, 'Ajmer', 26.45, 74.64, 'Rajasthan'),
(735, 'Alwar', 27.56, 76.6, 'Rajasthan'),
(736, 'Balotra', 25.83, 72.23, 'Rajasthan'),
(737, 'Banswara', 23.54, 74.44, 'Rajasthan'),
(738, 'Baran', 25.1, 76.51, 'Rajasthan'),
(739, 'Bari', 26.65, 77.6, 'Rajasthan'),
(740, 'Barmer', 25.75, 71.39, 'Rajasthan'),
(741, 'Beawar', 26.1, 74.3, 'Rajasthan'),
(742, 'Bharatpur', 27.23, 77.49, 'Rajasthan'),
(743, 'Bhilwara', 25.35, 74.63, 'Rajasthan'),
(744, 'Bhiwadi', 0, 0, 'Rajasthan'),
(745, 'Bikaner', 28.03, 73.32, 'Rajasthan'),
(746, 'Bundi', 25.45, 75.63, 'Rajasthan'),
(747, 'Chittaurgarh', 24.89, 74.63, 'Rajasthan'),
(748, 'Chomun', 27.17, 75.72, 'Rajasthan'),
(749, 'Churu', 28.31, 74.96, 'Rajasthan'),
(750, 'Daosa', 26.88, 76.33, 'Rajasthan'),
(751, 'Dhaulpur', 26.7, 77.87, 'Rajasthan'),
(752, 'Didwana', 27.39, 74.57, 'Rajasthan'),
(753, 'Fatehpur', 27.99, 74.95, 'Rajasthan'),
(754, 'Ganganagar', 29.93, 73.86, 'Rajasthan'),
(755, 'Gangapur', 26.47, 76.72, 'Rajasthan'),
(756, 'Hanumangarh', 29.62, 74.29, 'Rajasthan'),
(757, 'Hindaun', 26.74, 77.02, 'Rajasthan'),
(758, 'Jaipur', 26.92, 75.8, 'Rajasthan'),
(759, 'Jaisalmer', 26.92, 70.9, 'Rajasthan'),
(760, 'Jalor', 25.35, 72.62, 'Rajasthan'),
(761, 'Jhalawar', 24.6, 76.15, 'Rajasthan'),
(762, 'Jhunjhunun', 28.13, 75.39, 'Rajasthan'),
(763, 'Jodhpur', 26.29, 73.02, 'Rajasthan'),
(764, 'Karauli', 26.5, 77.02, 'Rajasthan'),
(765, 'Kishangarh', 26.58, 74.86, 'Rajasthan'),
(766, 'Kota', 25.18, 75.83, 'Rajasthan'),
(767, 'Kuchaman', 27.15, 74.85, 'Rajasthan'),
(768, 'Ladnun', 27.64, 74.38, 'Rajasthan'),
(769, 'Makrana', 27.05, 74.72, 'Rajasthan'),
(770, 'Nagaur', 27.21, 73.73, 'Rajasthan'),
(771, 'Nawalgarh', 27.85, 75.27, 'Rajasthan'),
(772, 'Nimbahera', 24.62, 74.68, 'Rajasthan'),
(773, 'Nokha', 27.6, 73.42, 'Rajasthan'),
(774, 'Pali', 25.79, 73.32, 'Rajasthan'),
(775, 'Rajsamand', 25.07, 73.88, 'Rajasthan'),
(776, 'Ratangarh', 28.09, 74.6, 'Rajasthan'),
(777, 'Sardarshahr', 28.45, 74.48, 'Rajasthan'),
(778, 'Sawai Madhopur', 26.03, 76.34, 'Rajasthan'),
(779, 'Sikar', 27.61, 75.13, 'Rajasthan'),
(780, 'Sujangarh', 27.7, 74.46, 'Rajasthan'),
(781, 'Suratgarh', 29.32, 73.9, 'Rajasthan'),
(782, 'Tonk', 26.17, 75.78, 'Rajasthan'),
(783, 'Udaipur', 24.58, 73.69, 'Rajasthan'),
(784, 'Alandur', 13.03, 80.23, 'Tamil Nadu'),
(785, 'Ambattur', 13.11, 80.17, 'Tamil Nadu'),
(786, 'Ambur', 12.8, 78.72, 'Tamil Nadu'),
(787, 'Arakonam', 13.08, 79.67, 'Tamil Nadu'),
(788, 'Arani', 12.68, 79.28, 'Tamil Nadu'),
(789, 'Aruppukkottai', 9.51, 78.09, 'Tamil Nadu'),
(790, 'Attur', 11.6, 78.6, 'Tamil Nadu'),
(791, 'Avadi', 13.12, 80.11, 'Tamil Nadu'),
(792, 'Avaniapuram', 9.86, 78.12, 'Tamil Nadu'),
(793, 'Bodinayakkanur', 10.01, 77.35, 'Tamil Nadu'),
(794, 'Chengalpattu', 12.7, 79.97, 'Tamil Nadu'),
(795, 'Dharapuram', 10.74, 77.52, 'Tamil Nadu'),
(796, 'Dharmapuri', 12.13, 78.16, 'Tamil Nadu'),
(797, 'Dindigul', 10.36, 77.97, 'Tamil Nadu'),
(798, 'Erode', 11.35, 77.73, 'Tamil Nadu'),
(799, 'Gopichettipalaiyam', 11.46, 77.43, 'Tamil Nadu'),
(800, 'Gudalur', 11.76, 79.75, 'Tamil Nadu'),
(801, 'Gudiyattam', 12.95, 78.86, 'Tamil Nadu'),
(802, 'Hosur', 12.72, 77.82, 'Tamil Nadu'),
(803, 'Idappadi', 11.58, 77.85, 'Tamil Nadu'),
(804, 'Kadayanallur', 9.08, 77.35, 'Tamil Nadu'),
(805, 'Kambam', 9.74, 77.28, 'Tamil Nadu'),
(806, 'Kanchipuram', 12.84, 79.7, 'Tamil Nadu'),
(807, 'Karur', 10.96, 78.07, 'Tamil Nadu'),
(808, 'Kavundampalaiyam', 11.05, 76.92, 'Tamil Nadu'),
(809, 'Kovilpatti', 9.19, 77.86, 'Tamil Nadu'),
(810, 'Koyampattur', 11.01, 76.96, 'Tamil Nadu'),
(811, 'Krishnagiri', 12.54, 78.21, 'Tamil Nadu'),
(812, 'Kumarapalaiyam', 11.44, 77.73, 'Tamil Nadu'),
(813, 'Kumbakonam', 10.97, 79.38, 'Tamil Nadu'),
(814, 'Kuniyamuthur', 10.98, 76.95, 'Tamil Nadu'),
(815, 'Kurichi', 10.92, 76.96, 'Tamil Nadu'),
(816, 'Madhavaram', 13.02, 80.26, 'Tamil Nadu'),
(817, 'Madras', 13.09, 80.27, 'Tamil Nadu'),
(818, 'Madurai', 9.92, 78.12, 'Tamil Nadu'),
(819, 'Maduravoyal', 0, 0, 'Tamil Nadu'),
(820, 'Mannargudi', 10.67, 79.45, 'Tamil Nadu'),
(821, 'Mayiladuthurai', 11.11, 79.65, 'Tamil Nadu'),
(822, 'Mettupalayam', 11.3, 76.94, 'Tamil Nadu'),
(823, 'Mettur', 11.8, 77.8, 'Tamil Nadu'),
(824, 'Nagapattinam', 10.8, 79.84, 'Tamil Nadu'),
(825, 'Nagercoil', 8.18, 77.43, 'Tamil Nadu'),
(826, 'Namakkal', 11.23, 78.17, 'Tamil Nadu'),
(827, 'Nerkunram', 13.04, 80.26, 'Tamil Nadu'),
(828, 'Neyveli', 11.62, 79.48, 'Tamil Nadu'),
(829, 'Pallavaram', 12.99, 80.16, 'Tamil Nadu'),
(830, 'Pammal', 12.97, 80.11, 'Tamil Nadu'),
(831, 'Pannuratti', 11.78, 79.55, 'Tamil Nadu'),
(832, 'Paramakkudi', 9.54, 78.59, 'Tamil Nadu'),
(833, 'Pattukkottai', 10.43, 79.31, 'Tamil Nadu'),
(834, 'Pollachi', 10.67, 77, 'Tamil Nadu'),
(835, 'Pudukkottai', 10.39, 78.82, 'Tamil Nadu'),
(836, 'Puliyankudi', 9.18, 77.4, 'Tamil Nadu'),
(837, 'Punamalli', 13.05, 80.11, 'Tamil Nadu'),
(838, 'Rajapalaiyam', 9.46, 77.55, 'Tamil Nadu'),
(839, 'Ramanathapuram', 9.37, 78.83, 'Tamil Nadu'),
(840, 'Salem', 11.67, 78.16, 'Tamil Nadu'),
(841, 'Sankarankoil', 9.17, 77.54, 'Tamil Nadu'),
(842, 'Sivakasi', 9.46, 77.79, 'Tamil Nadu'),
(843, 'Srivilliputtur', 9.52, 77.63, 'Tamil Nadu'),
(844, 'Tambaram', 12.93, 80.12, 'Tamil Nadu'),
(845, 'Tenkasi', 8.96, 77.31, 'Tamil Nadu'),
(846, 'Thanjavur', 10.79, 79.13, 'Tamil Nadu'),
(847, 'Theni Allinagaram', 10.02, 77.48, 'Tamil Nadu'),
(848, 'Thiruthangal', 9.48, 77.83, 'Tamil Nadu'),
(849, 'Thiruvarur', 10.78, 79.64, 'Tamil Nadu'),
(850, 'Thuthukkudi', 8.81, 78.14, 'Tamil Nadu'),
(851, 'Tindivanam', 12.24, 79.65, 'Tamil Nadu'),
(852, 'Tiruchchirappalli', 10.81, 78.69, 'Tamil Nadu'),
(853, 'Tiruchengode', 11.38, 77.9, 'Tamil Nadu'),
(854, 'Tirunelveli', 8.73, 77.69, 'Tamil Nadu'),
(855, 'Tirupathur', 12.5, 78.57, 'Tamil Nadu'),
(856, 'Tiruppur', 11.09, 77.35, 'Tamil Nadu'),
(857, 'Tiruvannamalai', 12.24, 79.07, 'Tamil Nadu'),
(858, 'Tiruvottiyur', 13.16, 80.29, 'Tamil Nadu'),
(859, 'Udagamandalam', 11.42, 76.69, 'Tamil Nadu'),
(860, 'Udumalaipettai', 10.58, 77.24, 'Tamil Nadu'),
(861, 'Valparai', 10.38, 76.99, 'Tamil Nadu'),
(862, 'Vaniyambadi', 12.69, 78.6, 'Tamil Nadu'),
(863, 'Velampalaiyam', 0, 0, 'Tamil Nadu'),
(864, 'Velluru', 12.92, 79.13, 'Tamil Nadu'),
(865, 'Viluppuram', 11.95, 79.49, 'Tamil Nadu'),
(866, 'Virappanchatram', 11.4, 77.7, 'Tamil Nadu'),
(867, 'Virudhachalam', 11.51, 79.32, 'Tamil Nadu'),
(868, 'Virudunagar', 9.59, 77.95, 'Tamil Nadu'),
(869, 'Agartala', 23.84, 91.27, 'Tripura'),
(870, 'Agartala MCl', 0, 0, 'Tripura'),
(871, 'Badharghat', 0, 0, 'Tripura'),
(872, 'Agra', 27.19, 78.01, 'Uttar Pradesh'),
(873, 'Aligarh', 27.89, 78.06, 'Uttar Pradesh'),
(874, 'Allahabad', 25.45, 81.84, 'Uttar Pradesh'),
(875, 'Amroha', 28.91, 78.46, 'Uttar Pradesh'),
(876, 'Aonla', 28.28, 79.15, 'Uttar Pradesh'),
(877, 'Auraiya', 26.47, 79.5, 'Uttar Pradesh'),
(878, 'Ayodhya', 26.8, 82.2, 'Uttar Pradesh'),
(879, 'Azamgarh', 26.07, 83.18, 'Uttar Pradesh'),
(880, 'Baheri', 28.78, 79.5, 'Uttar Pradesh'),
(881, 'Bahraich', 27.58, 81.59, 'Uttar Pradesh'),
(882, 'Ballia', 25.76, 84.15, 'Uttar Pradesh'),
(883, 'Balrampur', 27.43, 82.18, 'Uttar Pradesh'),
(884, 'Banda', 25.48, 80.33, 'Uttar Pradesh'),
(885, 'Baraut', 29.1, 77.26, 'Uttar Pradesh'),
(886, 'Bareli', 28.36, 79.41, 'Uttar Pradesh'),
(887, 'Basti', 26.8, 82.74, 'Uttar Pradesh'),
(888, 'Behta Hajipur', 0, 0, 'Uttar Pradesh'),
(889, 'Bela', 25.92, 81.99, 'Uttar Pradesh'),
(890, 'Bhadohi', 25.4, 82.56, 'Uttar Pradesh'),
(891, 'Bijnor', 29.38, 78.13, 'Uttar Pradesh'),
(892, 'Bisalpur', 28.3, 79.8, 'Uttar Pradesh'),
(893, 'Biswan', 27.5, 81, 'Uttar Pradesh'),
(894, 'Budaun', 28.04, 79.12, 'Uttar Pradesh'),
(895, 'Bulandshahr', 28.41, 77.85, 'Uttar Pradesh'),
(896, 'Chandausi', 28.46, 78.78, 'Uttar Pradesh'),
(897, 'Chandpur', 29.14, 78.27, 'Uttar Pradesh'),
(898, 'Chhibramau', 27.15, 79.52, 'Uttar Pradesh'),
(899, 'Chitrakut Dham', 25.2, 80.84, 'Uttar Pradesh'),
(900, 'Dadri', 28.57, 77.55, 'Uttar Pradesh'),
(901, 'Deoband', 29.7, 77.67, 'Uttar Pradesh'),
(902, 'Deoria', 26.51, 83.78, 'Uttar Pradesh'),
(903, 'Etah', 27.57, 78.64, 'Uttar Pradesh'),
(904, 'Etawah', 26.78, 79.01, 'Uttar Pradesh'),
(905, 'Faizabad', 26.78, 82.14, 'Uttar Pradesh'),
(906, 'Faridpur', 28.22, 79.53, 'Uttar Pradesh'),
(907, 'Farrukhabad', 27.4, 79.57, 'Uttar Pradesh'),
(908, 'Fatehpur', 25.93, 80.81, 'Uttar Pradesh'),
(909, 'Firozabad', 27.15, 78.39, 'Uttar Pradesh'),
(910, 'Gajraula', 28.85, 78.23, 'Uttar Pradesh'),
(911, 'Ganga Ghat', 26.52, 80.45, 'Uttar Pradesh'),
(912, 'Gangoh', 29.77, 77.25, 'Uttar Pradesh'),
(913, 'Ghaziabad', 28.66, 77.41, 'Uttar Pradesh'),
(914, 'Ghazipur', 25.59, 83.59, 'Uttar Pradesh'),
(915, 'Gola Gokarannath', 28.08, 80.47, 'Uttar Pradesh'),
(916, 'Gonda', 27.14, 81.95, 'Uttar Pradesh'),
(917, 'Gorakhpur', 26.76, 83.36, 'Uttar Pradesh'),
(918, 'Hapur', 28.73, 77.77, 'Uttar Pradesh'),
(919, 'Hardoi', 27.42, 80.12, 'Uttar Pradesh'),
(920, 'Hasanpur', 28.72, 78.28, 'Uttar Pradesh'),
(921, 'Hathras', 27.6, 78.04, 'Uttar Pradesh'),
(922, 'Jahangirabad', 28.42, 78.1, 'Uttar Pradesh'),
(923, 'Jalaun', 26.15, 79.35, 'Uttar Pradesh'),
(924, 'Jaunpur', 25.76, 82.69, 'Uttar Pradesh'),
(925, 'Jhansi', 25.45, 78.56, 'Uttar Pradesh'),
(926, 'Kadi', 23.31, 72.33, 'Uttar Pradesh'),
(927, 'Kairana', 29.4, 77.2, 'Uttar Pradesh'),
(928, 'Kannauj', 27.06, 79.91, 'Uttar Pradesh'),
(929, 'Kanpur', 26.47, 80.33, 'Uttar Pradesh'),
(930, 'Kanpur Cantonment', 26.5, 80.28, 'Uttar Pradesh'),
(931, 'Kasganj', 27.81, 78.63, 'Uttar Pradesh'),
(932, 'Khatauli', 29.28, 77.72, 'Uttar Pradesh'),
(933, 'Khora', 0, 0, 'Uttar Pradesh'),
(934, 'Khurja', 28.26, 77.85, 'Uttar Pradesh'),
(935, 'Kiratpur', 29.52, 78.2, 'Uttar Pradesh'),
(936, 'Kosi Kalan', 27.8, 77.44, 'Uttar Pradesh'),
(937, 'Laharpur', 27.72, 80.9, 'Uttar Pradesh'),
(938, 'Lakhimpur', 27.95, 80.78, 'Uttar Pradesh'),
(939, 'Lakhnau', 26.85, 80.92, 'Uttar Pradesh'),
(940, 'Lakhnau Cantonment', 26.81, 80.97, 'Uttar Pradesh'),
(941, 'Lalitpur', 24.7, 78.41, 'Uttar Pradesh'),
(942, 'Loni', 28.75, 77.28, 'Uttar Pradesh'),
(943, 'Mahoba', 25.3, 79.87, 'Uttar Pradesh'),
(944, 'Mainpuri', 27.24, 79.02, 'Uttar Pradesh'),
(945, 'Mathura', 27.5, 77.68, 'Uttar Pradesh'),
(946, 'Mau', 25.96, 83.56, 'Uttar Pradesh'),
(947, 'Mauranipur', 25.24, 79.13, 'Uttar Pradesh'),
(948, 'Mawana', 29.11, 77.91, 'Uttar Pradesh'),
(949, 'Mirat', 28.99, 77.7, 'Uttar Pradesh'),
(950, 'Mirat Cantonment', 29.02, 77.67, 'Uttar Pradesh'),
(951, 'Mirzapur', 25.16, 82.56, 'Uttar Pradesh'),
(952, 'Modinagar', 28.92, 77.62, 'Uttar Pradesh'),
(953, 'Moradabad', 28.84, 78.76, 'Uttar Pradesh'),
(954, 'Mubarakpur', 26.09, 83.28, 'Uttar Pradesh'),
(955, 'Mughal Sarai', 25.3, 83.12, 'Uttar Pradesh'),
(956, 'Muradnagar', 28.78, 77.5, 'Uttar Pradesh'),
(957, 'Muzaffarnagar', 29.48, 77.69, 'Uttar Pradesh'),
(958, 'Nagina', 29.45, 78.43, 'Uttar Pradesh'),
(959, 'Najibabad', 29.62, 78.33, 'Uttar Pradesh'),
(960, 'Nawabganj', 26.94, 81.19, 'Uttar Pradesh'),
(961, 'Noida', 28.58, 77.33, 'Uttar Pradesh'),
(962, 'Obra', 24.42, 82.98, 'Uttar Pradesh'),
(963, 'Orai', 25.99, 79.45, 'Uttar Pradesh'),
(964, 'Pilibhit', 28.64, 79.81, 'Uttar Pradesh'),
(965, 'Pilkhuwa', 28.72, 77.65, 'Uttar Pradesh');

-- --------------------------------------------------------

--
-- Table structure for table `invoices`
--

CREATE TABLE IF NOT EXISTS `invoices` (
  `id` int(11) NOT NULL AUTO_INCREMENT,
  `order_id` int(11) DEFAULT NULL,
  `invoice_status_code` int(11) DEFAULT NULL,
  `invoice_date` datetime DEFAULT NULL,
  `invoice_details` text,
  `total_amount` float DEFAULT NULL,
  `quantity` int(11) DEFAULT NULL,
  `is_active` tinyint(1) DEFAULT NULL,
  `is_delete` tinyint(1) DEFAULT NULL,
  `created_at` datetime NOT NULL,
  `updated_at` datetime NOT NULL,
  PRIMARY KEY (`id`)
) ENGINE=InnoDB  DEFAULT CHARSET=latin1 AUTO_INCREMENT=5 ;

--
-- Dumping data for table `invoices`
--

INSERT INTO `invoices` (`id`, `order_id`, `invoice_status_code`, `invoice_date`, `invoice_details`, `total_amount`, `quantity`, `is_active`, `is_delete`, `created_at`, `updated_at`) VALUES
(1, 1, 1, '2013-12-20 09:49:59', 'Your bill is ready', 6684, 5, 1, 0, '2013-12-20 04:19:59', '2013-12-20 04:19:59'),
(2, 2, 1, '2013-12-20 10:00:53', 'Your bill is ready', 599, 3, 1, 0, '2013-12-20 04:30:53', '2013-12-20 04:30:53'),
(3, 3, 1, '2013-12-23 18:52:49', 'Your bill is ready', 1359, 3, 1, 0, '2013-12-23 13:22:49', '2013-12-23 13:22:49'),
(4, 4, 1, '2014-01-04 17:11:13', 'Your bill is ready', 375, 2, 1, 0, '2014-01-04 11:41:13', '2014-01-04 11:41:13');

-- --------------------------------------------------------

--
-- Table structure for table `orders`
--

CREATE TABLE IF NOT EXISTS `orders` (
  `id` int(11) NOT NULL AUTO_INCREMENT,
  `customer_id` int(11) DEFAULT NULL,
  `order_status_code` int(11) DEFAULT NULL,
  `date_order_placed` datetime DEFAULT NULL,
  `order_detail` text,
  `is_active` tinyint(1) DEFAULT NULL,
  `is_delete` tinyint(1) DEFAULT NULL,
  `created_at` datetime NOT NULL,
  `updated_at` datetime NOT NULL,
  PRIMARY KEY (`id`)
) ENGINE=InnoDB  DEFAULT CHARSET=latin1 AUTO_INCREMENT=5 ;

--
-- Dumping data for table `orders`
--

INSERT INTO `orders` (`id`, `customer_id`, `order_status_code`, `date_order_placed`, `order_detail`, `is_active`, `is_delete`, `created_at`, `updated_at`) VALUES
(1, 2, 2, '2013-12-20 09:49:58', 'Plese Send me order hurry', 1, 0, '2013-12-20 04:19:58', '2013-12-20 04:19:58'),
(2, 2, 2, '2013-12-20 10:00:52', 'Plese Send me order hurry', 1, 0, '2013-12-20 04:30:52', '2013-12-20 04:30:52'),
(3, 13, 2, '2013-12-23 18:52:48', 'Plese Send me order hurry', 1, 0, '2013-12-23 13:22:48', '2013-12-23 13:22:48'),
(4, 13, 2, '2014-01-04 17:11:12', 'Plese Send me order hurry', 1, 0, '2014-01-04 11:41:12', '2014-01-04 11:41:12');

-- --------------------------------------------------------

--
-- Table structure for table `order_items`
--

CREATE TABLE IF NOT EXISTS `order_items` (
  `id` int(11) NOT NULL AUTO_INCREMENT,
  `product_id` int(11) DEFAULT NULL,
  `order_id` int(11) DEFAULT NULL,
  `order_item_quantity` int(11) DEFAULT NULL,
  `order_item_price` float DEFAULT NULL,
  `other_order_item_details` text,
  `is_active` tinyint(1) DEFAULT NULL,
  `is_delete` tinyint(1) DEFAULT NULL,
  `created_at` datetime NOT NULL,
  `updated_at` datetime NOT NULL,
  PRIMARY KEY (`id`)
) ENGINE=InnoDB  DEFAULT CHARSET=latin1 AUTO_INCREMENT=9 ;

--
-- Dumping data for table `order_items`
--

INSERT INTO `order_items` (`id`, `product_id`, `order_id`, `order_item_quantity`, `order_item_price`, `other_order_item_details`, `is_active`, `is_delete`, `created_at`, `updated_at`) VALUES
(1, 62, 1, 2, 342, '2gb ram', 1, 0, '2013-12-20 04:19:58', '2013-12-20 04:19:58'),
(2, 64, 1, 3, 2000, 'only audio supported Device', 1, 0, '2013-12-20 04:19:58', '2013-12-20 04:19:58'),
(3, 119, 2, 1, 349, 'Phycal instrument for Practis ', 1, 0, '2013-12-20 04:30:52', '2013-12-20 04:30:52'),
(4, 137, 2, 2, 125, 'Cricket Instrument', 1, 0, '2013-12-20 04:30:52', '2013-12-20 04:30:52'),
(5, 33, 3, 2, 599, 'avilable in all nearest Shop', 1, 0, '2013-12-23 13:22:48', '2013-12-23 13:22:48'),
(6, 94, 3, 1, 161, 'Party Wear', 1, 0, '2013-12-23 13:22:48', '2013-12-23 13:22:48'),
(7, 32, 4, 1, 250, 'avilable in all nearest Shop', 1, 0, '2014-01-04 11:41:12', '2014-01-04 11:41:12'),
(8, 3, 4, 1, 125, 'Levis ', 1, 0, '2014-01-04 11:41:12', '2014-01-04 11:41:12');

-- --------------------------------------------------------

--
-- Table structure for table `payments`
--

CREATE TABLE IF NOT EXISTS `payments` (
  `id` int(11) NOT NULL AUTO_INCREMENT,
  `invoice_number` int(11) DEFAULT NULL,
  `payment_date` datetime DEFAULT NULL,
  `payment_amount` float DEFAULT NULL,
  `is_active` tinyint(1) DEFAULT NULL,
  `is_delete` tinyint(1) DEFAULT NULL,
  `created_at` datetime NOT NULL,
  `updated_at` datetime NOT NULL,
  PRIMARY KEY (`id`)
) ENGINE=InnoDB DEFAULT CHARSET=latin1 AUTO_INCREMENT=1 ;

-- --------------------------------------------------------

--
-- Table structure for table `products`
--

CREATE TABLE IF NOT EXISTS `products` (
  `id` int(11) NOT NULL AUTO_INCREMENT,
  `category_id` int(11) DEFAULT NULL,
  `product_name` varchar(255) DEFAULT NULL,
  `product_short_desc` text,
  `product_long_desc` text,
  `quantity` int(11) DEFAULT NULL,
  `price` float DEFAULT NULL,
  `photo` varchar(255) DEFAULT NULL,
  `is_active` tinyint(1) DEFAULT NULL,
  `is_delete` tinyint(1) DEFAULT NULL,
  `created_by` int(11) DEFAULT NULL,
  `updated_by` int(11) DEFAULT NULL,
  `created_at` datetime NOT NULL,
  `updated_at` datetime NOT NULL,
  PRIMARY KEY (`id`)
) ENGINE=InnoDB  DEFAULT CHARSET=latin1 AUTO_INCREMENT=140 ;

--
-- Dumping data for table `products`
--

INSERT INTO `products` (`id`, `category_id`, `product_name`, `product_short_desc`, `product_long_desc`, `quantity`, `price`, `photo`, `is_active`, `is_delete`, `created_by`, `updated_by`, `created_at`, `updated_at`) VALUES
(1, 11, 'Levis', 'High star slim jeans for man', 'levis jeans brand', 5, 250, '20131215184707.jpeg', 1, 0, 1, 1, '2013-12-15 13:17:07', '2013-12-15 13:17:07'),
(2, 0, 'Blue-ds-colt-32', 'Blue-ds-colt-jeans for men', 'levis jeans foe men', 10, 150, '20131215194654.jpeg', 1, 0, 1, 1, '2013-12-15 14:15:54', '2013-12-15 14:16:54'),
(3, 57, 'hsb-00-2-high-star-32', 'High star slim jeans for man', 'Levis ', 5, 125, '20131215194831.jpeg', 1, 0, 1, 1, '2013-12-15 14:18:31', '2013-12-15 14:18:31'),
(4, 62, 'Formal Shirt', 'Blue Cuffle', 'New Arrival shirt', 12, 123, '20131215195046.jpeg', 1, 0, 1, 1, '2013-12-15 14:20:46', '2013-12-15 14:20:46'),
(5, 62, 'Formal Shirt', 'Green-auburn-hill-40', 'Trouser now aviable', 10, 459, '20131215195305.jpeg', 1, 0, 1, 1, '2013-12-15 14:23:05', '2013-12-15 14:23:05'),
(6, 12, 'Shoes', 'black-elm-green-kelp', 'Puma Shoes', 10, 340, '20131215212754.jpeg', 1, 0, 1, 1, '2013-12-15 15:57:54', '2013-12-15 15:57:54'),
(7, 12, 'Shoes', 'dark-shadow-black-high-risk-red', 'Puma - 7', 5, 233, '20131215212905.jpeg', 1, 0, 1, 1, '2013-12-15 15:59:05', '2013-12-15 15:59:05'),
(8, 12, 'Shoes', 'biking-red', 'Puma - 9', 10, 750, '20131215213020.jpeg', 1, 0, 1, 1, '2013-12-15 16:00:20', '2013-12-15 16:00:20'),
(9, 12, 'Formal Shoes', 'swagger-42', 'Black-1909', 10, 300, '20131215213200.jpeg', 1, 0, 1, 1, '2013-12-15 16:02:00', '2013-12-15 16:02:00'),
(10, 65, 'Black-pv7205', 'Formal Shoes', 'Provogue-42', 10, 239, '20131215213346.jpeg', 1, 0, 1, 1, '2013-12-15 16:03:46', '2013-12-15 16:03:46'),
(11, 65, 'Brown-1907', 'Formal Shoes', 'swagger-43', 11, 156, '20131215213502.jpeg', 1, 0, 1, 1, '2013-12-15 16:05:02', '2013-12-15 16:05:02'),
(12, 65, 'Brown-854182', 'hush-puppies-8', 'Casual shoes', 6, 120, '20131215213645.jpeg', 1, 0, 1, 1, '2013-12-15 16:06:45', '2013-12-15 16:06:45'),
(13, 66, 'black-leaf-green-186318', 'puma-12', 'Formal Shoes', 15, 550, '20131215213814.jpeg', 1, 0, 1, 1, '2013-12-15 16:08:14', '2013-12-15 16:08:14'),
(14, 66, 'Grey-dandelion-304829', 'puma-9', 'Formal Shoes', 6, 388, '20131215213941.jpeg', 1, 0, 1, 1, '2013-12-15 16:09:41', '2013-12-15 16:09:41'),
(15, 66, 'Blue-861030', 'power-6', 'Casual shoes', 3, 320, '20131215214056.jpeg', 1, 0, 1, 1, '2013-12-15 16:10:56', '2013-12-15 16:10:56'),
(16, 64, 'black-rosso-corsa', 'puma-9', 'Formal Shoes', 10, 200, '20131215214219.jpeg', 1, 0, 1, 1, '2013-12-15 16:12:19', '2013-12-15 16:12:19'),
(17, 64, 'black-golden', 'sparx-8', 'Sport Shoes new brands', 2, 221, '20131215214348.jpeg', 1, 0, 1, 1, '2013-12-15 16:13:48', '2013-12-15 16:13:48'),
(18, 64, 'white-blue-black-silver', 'reebok-9', 'Casual shoes available', 9, 397, '20131215214516.jpeg', 1, 0, 1, 1, '2013-12-15 16:15:16', '2013-12-15 16:15:16'),
(19, 128, 'pp-6', 'corporate-bazaar-color-changing', 'Digital Clock', 5, 510, '20131215222947.jpeg', 1, 0, 1, 1, '2013-12-15 16:59:47', '2013-12-15 16:59:47'),
(20, 43, 'canon-125', 'Canon ', 'Digital Camera', 6, 323, '20131215223145.jpeg', 1, 0, 1, 1, '2013-12-15 17:01:45', '2013-12-15 17:01:45'),
(21, 43, 'canon-a4000', 'Canon', 'New arrival canon', 5, 237, '20131215223258.jpeg', 1, 0, 1, 1, '2013-12-15 17:02:58', '2013-12-15 17:02:58'),
(22, 43, 'canon-eos', '600d-slr', 'Panasonic', 5, 377, '20131215223432.jpeg', 1, 0, 1, 1, '2013-12-15 17:04:32', '2013-12-15 17:04:32'),
(23, 44, 'nikon-coolpix-l28', 'Cool Pix', 'Canon', 5, 377, '20131215223610.jpeg', 1, 0, 1, 1, '2013-12-15 17:06:10', '2013-12-15 17:06:10'),
(24, 44, 'nikon-coolpix-l820', 'advance-point-and-shoot', 'Panasonic', 2, 324, '20131215223732.jpeg', 1, 0, 1, 1, '2013-12-15 17:07:32', '2013-12-15 17:07:32'),
(25, 44, 'nikon-d5100', 'Cool Pix', 'HD Cam', 5, 434, '20131215223900.jpeg', 1, 0, 1, 1, '2013-12-15 17:09:00', '2013-12-15 17:09:00'),
(26, 0, 'panasonic-dmc-fh4', 'point-shoot', 'Canon', 2, 454, '20131215224646.jpeg', 1, 0, 1, 1, '2013-12-15 17:16:46', '2013-12-15 17:16:46'),
(27, 45, 'panasonic-hx-dc3', 'camcorder', 'Nikon new Arrival ', 2, 656, '20131215224835.jpeg', 1, 0, 1, 1, '2013-12-15 17:18:35', '2013-12-15 17:18:35'),
(28, 45, 'panasonic-lumix-dmc-s3', 'Point Shoot', 'Sony HD Cam', 20, 347, '20131215224956.jpeg', 1, 0, 1, 1, '2013-12-15 17:19:56', '2013-12-15 17:19:56'),
(29, 46, 'sony-cyber-shot-dsc-w710', 'Point Shoot', 'Canon', 6, 476, '20131215225202.jpeg', 1, 0, 1, 1, '2013-12-15 17:22:02', '2013-12-15 17:22:02'),
(30, 46, 'sony-dsc-h100', 'Point Shoot', 'Canon', 10, 434, '20131215225351.jpeg', 1, 0, 1, 1, '2013-12-15 17:23:51', '2013-12-15 17:23:51'),
(31, 0, 'sony-cybershot-dsc-wx300', 'Point Shoot', 'Panasonic', 5, 348, '20131215225442.jpeg', 1, 0, 1, 1, '2013-12-15 17:24:42', '2013-12-15 17:24:42'),
(32, 129, 'horo-hr050-00', 'Horo 050', 'avilable in all nearest Shop', 11, 250, '20131215225651.jpeg', 1, 0, 1, 1, '2013-12-15 17:26:51', '2013-12-15 17:26:51'),
(33, 129, 'horo-hr098', 'Horo 98', 'avilable in all nearest Shop', 10, 599, '20131215225750.jpeg', 1, 0, 1, 1, '2013-12-15 17:27:50', '2013-12-15 17:27:50'),
(34, 126, 'orpat-tbzl367', 'Orpat', 'Available ', 8, 699, '20131215225933.jpeg', 1, 0, 1, 1, '2013-12-15 17:29:33', '2013-12-15 17:29:33'),
(35, 126, 'orpat-tbsmzl867', 'Orapat', 'Good Quality', 8, 499, '20131215230037.jpeg', 1, 0, 1, 1, '2013-12-15 17:30:37', '2013-12-15 17:30:37'),
(36, 127, 'dizionario-meea82b1314', 'Dizionario Black', 'Horo Cool Clock', 9, 599, '20131215230238.jpeg', 1, 0, 1, 1, '2013-12-15 17:32:38', '2013-12-15 17:32:38'),
(37, 127, 'dizionario-meea801213', 'Dizionario Blue', 'Horo Cool Clock', 50, 399, '20131215230358.jpeg', 1, 0, 1, 1, '2013-12-15 17:33:58', '2013-12-15 17:33:58'),
(38, 38, 'samsung-galaxy-note', 'HD Video Supporte', 'avilable in all nearest Shop', 5, 232, '20131215230629.jpeg', 1, 0, 1, 1, '2013-12-15 17:36:29', '2013-12-15 17:36:29'),
(39, 38, 'samsung-galaxy-note-800', 'Wide Screen', 'Micromax Tablat now aviable', 5, 764, '20131215230754.jpeg', 1, 0, 1, 1, '2013-12-15 17:37:54', '2013-12-15 17:37:54'),
(40, 38, 'samsung-galaxy-tab-3', 'Slim model', 'Micromax Tablat now aviable', 2, 632, '20131215230934.jpeg', 1, 0, 1, 1, '2013-12-15 17:39:34', '2013-12-15 17:39:34'),
(41, 35, 'apple-ipad', '64 gb supported', '64 gb internal memory aviable', 1, 484, '20131215231225.jpeg', 1, 0, 1, 1, '2013-12-15 17:42:25', '2013-12-15 17:42:25'),
(42, 35, 'apple-ipad-mini-wi-fi-and-cellular-32gb', '32 gb supported', 'Samsung 64 gb supportes with calling facility', 8, 653, '20131215231401.jpeg', 1, 0, 1, 1, '2013-12-15 17:44:01', '2013-12-15 17:44:01'),
(43, 37, 'asus-nexus7-1b085a', 'Wide Screen', 'Samsung 64 gb supportes with calling facility', 6, 949, '20131215231536.jpeg', 1, 0, 1, 1, '2013-12-15 17:45:36', '2013-12-15 17:45:36'),
(44, 37, 'asus-nexus-7', 'wide screen with 16 gb internal memory', 'Samsung 64 gb supportes with calling facility', 10, 584, '20131215231650.jpeg', 1, 0, 1, 1, '2013-12-15 17:46:50', '2013-12-15 17:46:50'),
(45, 47, 'dell-cn-04rphy', '1 tbHD', '1 tb avilable', 40, 483, '20131215231918.jpeg', 1, 0, 1, 1, '2013-12-15 17:49:18', '2013-12-15 17:49:18'),
(46, 47, 'transcend-storejet', '1 tbHD', 'Good Configuration Laptop Availble', 12, 584, '20131215232029.jpeg', 1, 0, 1, 1, '2013-12-15 17:50:29', '2013-12-15 17:50:29'),
(47, 47, 'wd-wdbkxh5000ard', '1 tbHD', 'lock supporte with security Drive', 9, 293, '20131215232141.jpeg', 1, 0, 1, 1, '2013-12-15 17:51:41', '2013-12-15 17:51:41'),
(48, 49, 'audio-technica', 'White headphone', 'NEw Product also available', 10, 253, '20131215232301.jpeg', 1, 0, 1, 1, '2013-12-15 17:53:01', '2013-12-15 17:53:01'),
(49, 49, 'philips-shp1900', 'Good Voice Clearity', 'NEw Product also available', 40, 549, '20131215232418.jpeg', 1, 0, 1, 1, '2013-12-15 17:54:18', '2013-12-15 17:54:18'),
(50, 49, 'hp-h1000', 'Good Voice Clearity', 'New arrival canon', 10, 358, '20131215232528.jpeg', 1, 0, 1, 1, '2013-12-15 17:55:28', '2013-12-15 17:55:28'),
(51, 40, 'Dell-inspiron-notebook', '1 tb hd', 'intel cor i5 3rd generation', 5, 40900, '20131216122549.jpeg', 1, 0, 1, 1, '2013-12-16 06:55:49', '2013-12-16 06:55:49'),
(52, 40, 'dell-vostro-2420-notebook', '500 gb HD', 'intel cor i5 2nd generation', 5, 32500, '20131216122702.jpeg', 1, 0, 1, 1, '2013-12-16 06:57:02', '2013-12-16 06:57:02'),
(53, 40, 'Dell-vostro-notebook', '1 tbHD', 'Intel core i5 3rd generation', 2, 39500, '20131216122822.jpeg', 1, 0, 1, 1, '2013-12-16 06:58:22', '2013-12-16 06:58:22'),
(54, 40, 'Dell-vostro-1450-notebook', '500 gbHD', 'intel cor i3 2nd generation processor', 5, 27490, '20131216122951.jpeg', 1, 0, 1, 1, '2013-12-16 06:59:51', '2013-12-16 06:59:51'),
(55, 0, 'Ddell-vostro-1550-ci3-notebook', '500 gb HD', 'intel cor i3 2nd generation processor Linux operating system', 5, 26240, '20131216123107.jpeg', 1, 0, 1, 1, '2013-12-16 07:01:07', '2013-12-16 07:01:07'),
(56, 39, 'HP-notebook-455', '500 gb HD', 'intel cor i3 2nd generation processor', 5, 21250, '20131216123301.jpeg', 1, 0, 1, 1, '2013-12-16 07:03:01', '2013-12-16 07:03:01'),
(57, 39, 'HP-notebook-650', '500 gb HD', 'intel cor i3 2nd generation processor', 3, 27725, '20131216123419.jpeg', 1, 0, 1, 1, '2013-12-16 07:04:19', '2013-12-16 07:04:19'),
(58, 39, 'HP-pavilion-notebook', '1tb HD', 'intel core i5 3rd generation', 2, 2323, '20131216123737.jpeg', 1, 0, 1, 1, '2013-12-16 07:07:37', '2013-12-16 07:07:37'),
(59, 41, 'lenovo-essential-notebook', '500 gb HD 2bg RAM', 'intel cor i3 2nd generation processor', 5, 234, '20131216123910.jpeg', 1, 0, 1, 1, '2013-12-16 07:09:10', '2013-12-16 07:09:10'),
(60, 41, 'Lenovo-essential-notebook', '500 gb HD 4bg RAM', 'intel cor i5 2nd generation', 2, 878, '20131216124025.jpeg', 1, 0, 1, 1, '2013-12-16 07:10:25', '2013-12-16 07:10:25'),
(61, 41, 'Lenovo-essential-notebook', '1 tbHD 6gb RAM', 'intel cor i5 3rd generation', 5, 876, '20131216124137.jpeg', 1, 0, 1, 1, '2013-12-16 07:11:37', '2013-12-16 07:11:37'),
(62, 33, 'Micromax-bolt-a26', '64 gb internal memory', '2gb ram', 5, 342, '20131216124325.jpeg', 1, 0, 1, 1, '2013-12-16 07:13:25', '2013-12-16 07:13:25'),
(63, 33, 'Micromax-canvas-fun-canvas', '64 gb internal memory', 'wide screen high gh processor', 2, 231, '20131216124442.jpeg', 1, 0, 1, 1, '2013-12-16 07:14:42', '2013-12-16 07:14:42'),
(64, 33, 'micromax-x103', 'memory card supported', 'only audio supported Device', 10, 2000, '20131216124555.jpeg', 1, 0, 1, 1, '2013-12-16 07:15:55', '2013-12-16 07:15:55'),
(65, 33, 'Micromax-eclipse-q66', '16 gb supported', 'wifi supported', 5, 222, '20131216124649.jpeg', 1, 0, 1, 1, '2013-12-16 07:16:49', '2013-12-16 07:16:49'),
(66, 14, 'etrol-free-size', 'Brown Color', 'Cool', 15, 435, '20131216124905.jpeg', 1, 0, 1, 1, '2013-12-16 07:19:05', '2013-12-16 07:19:05'),
(67, 14, 'fms-022-103-flying-machine', 'Marron Shining', 'Sunglasses', 12, 836, '20131216125014.jpeg', 1, 0, 1, 1, '2013-12-16 07:20:14', '2013-12-16 07:20:14'),
(68, 14, 'm102br1-fastrack', 'Red Shading', 'Sunglasses', 6, 1795, '20131216125112.jpeg', 1, 0, 1, 1, '2013-12-16 07:21:12', '2013-12-16 07:21:12'),
(69, 14, 'fms-014-205-flying-machine', 'Brown Shading', 'Sunglasses', 10, 835, '20131216125214.jpeg', 1, 0, 1, 1, '2013-12-16 07:22:14', '2013-12-16 07:22:14'),
(70, 73, 'Rayban-57', 'Black Shading', 'Wayfarer Sunglasses', 5, 679, '20131216125418.jpeg', 1, 0, 1, 1, '2013-12-16 07:24:18', '2013-12-16 07:24:18'),
(71, 73, 'Opium', 'Pink Shadding', 'Wayfarer Sunglasses', 5, 1495, '20131216125524.jpeg', 1, 0, 1, 1, '2013-12-16 07:25:24', '2013-12-16 07:25:24'),
(72, 73, 'polaroid-eyewear', 'Brown Shading', 'Wayfarer Sunglasses', 5, 366, '20131216125617.jpeg', 1, 0, 1, 1, '2013-12-16 07:26:17', '2013-12-16 07:26:17'),
(73, 73, 'provogue', 'Blue shadding', 'Wayfarer Sunglasses', 7, 275, '20131216125707.jpeg', 1, 0, 1, 1, '2013-12-16 07:27:07', '2013-12-16 07:27:07'),
(74, 68, 'Casio-a554', 'Black Wrist Watch', 'Cashio cool Watch for Men', 5, 227, '20131216125959.jpeg', 1, 0, 1, 1, '2013-12-16 07:29:59', '2013-12-16 07:29:59'),
(75, 68, 'Casio-s059', 'Black Digital Watch', 'Casio cool Watch for Men', 8, 265, '20131216130131.jpeg', 1, 0, 1, 1, '2013-12-16 07:31:31', '2013-12-16 07:31:31'),
(76, 68, 'Casio-g271', 'Black Wrist Watch', 'Casio cool Watch for Men', 5, 347, '20131216130314.jpeg', 1, 0, 1, 1, '2013-12-16 07:33:14', '2013-12-16 07:33:14'),
(77, 67, 'Fastrack-3022sl01', 'Black Wrist Watch', 'Fastrack Coll Watch for Men', 5, 688, '20131216130459.jpeg', 1, 0, 1, 1, '2013-12-16 07:34:59', '2013-12-16 07:34:59'),
(78, 67, 'Fastrack-9915pp33', 'Red Wrist watch', 'Fastrack Cool Watch for Men', 10, 728, '20131216130634.jpeg', 1, 0, 1, 1, '2013-12-16 07:36:34', '2013-12-16 07:36:34'),
(79, 67, 'Fastrack-788pp04', 'Black Wrist Watch', 'Fastrack Cool Watch for Men', 11, 895, '20131216130756.jpeg', 1, 0, 1, 1, '2013-12-16 07:37:56', '2013-12-16 07:37:56'),
(80, 70, 'mh24-timex', 'Black with blue shading Wrist Watch', 'Timex Cool Watch for Men', 10, 1169, '20131216130935.jpeg', 1, 0, 1, 1, '2013-12-16 07:39:35', '2013-12-16 07:39:35'),
(81, 69, 'Titan-nd390ym03', 'Titan Gold Watch', 'Titan Gold Watch', 10, 199, '20131218232059.jpeg', 1, 0, 1, 1, '2013-12-18 17:50:59', '2013-12-18 17:50:59'),
(82, 69, 'Titan-1445yl06', 'Titan black watch', 'Titan watch for cool men', 5, 159, '20131218232250.jpeg', 1, 0, 1, 1, '2013-12-18 17:52:50', '2013-12-18 17:52:50'),
(83, 69, 'Titan-1580yl04', 'Titan gold watch', 'Titan watch for cool men', 8, 179, '20131218232419.jpeg', 1, 0, 1, 1, '2013-12-18 17:54:19', '2013-12-18 17:54:19'),
(84, 69, 'Titan-1585sl03', 'Black Wrist Watch', 'Titan watch for cool men', 15, 199, '20131218232538.jpeg', 1, 0, 1, 1, '2013-12-18 17:55:38', '2013-12-18 17:55:38'),
(85, 69, 'Titan-nc9317bm', 'Silver ', '', 12, 279, '20131218232704.jpeg', 1, 0, 1, 1, '2013-12-18 17:57:04', '2013-12-18 17:57:04'),
(86, 69, 'Titan-nc9317bm', 'Silver+Golden', 'Titan Gold Watch', 12, 279, '20131218232806.jpeg', 1, 0, 1, 1, '2013-12-18 17:58:06', '2013-12-18 17:58:06'),
(87, 75, 'broun-riti-riwaz', 'Brown saree', 'Silk Material', 15, 700, '20131218233044.jpeg', 1, 0, 1, 1, '2013-12-18 18:00:44', '2013-12-18 18:00:44'),
(88, 75, 'bred-prafful', 'Colorful saree', 'Colorful saree with silk material', 5, 119, '20131218233216.jpeg', 1, 0, 1, 1, '2013-12-18 18:02:16', '2013-12-18 18:02:16'),
(89, 75, 'ennthra', 'White with golden material', 'Silk Material', 19, 799, '20131218233326.jpeg', 1, 0, 1, 1, '2013-12-18 18:03:26', '2013-12-18 18:03:26'),
(90, 75, 'urban-vastra', 'Green Saree', 'Saree from urban mills', 78, 299, '20131218233448.jpeg', 1, 0, 1, 1, '2013-12-18 18:04:48', '2013-12-18 18:04:48'),
(91, 75, 'urban-vastra', 'Urban Vastra', 'Saree from urban mills', 56, 999, '20131218233605.jpeg', 1, 0, 1, 1, '2013-12-18 18:06:05', '2013-12-18 18:06:05'),
(92, 77, 'pink-avirate', 'Short dress', 'Skirt for summer season', 4, 1560, '20131218233918.jpeg', 1, 0, 1, 1, '2013-12-18 18:09:18', '2013-12-18 18:09:18'),
(93, 77, 'vero-moda', 'Short dress', 'Skirt for summer season', 4, 249, '20131218234158.jpeg', 1, 0, 1, 1, '2013-12-18 18:11:58', '2013-12-18 18:11:58'),
(94, 77, 'black-freecult', 'Black Dress', 'Party Wear', 14, 161, '20131218234305.jpeg', 1, 0, 1, 1, '2013-12-18 18:13:05', '2013-12-18 18:13:05'),
(95, 77, 'alissa-purple', 'Purple Dress', 'Party Wear', 1, 242, '20131218234409.jpeg', 1, 0, 1, 1, '2013-12-18 18:14:09', '2013-12-18 18:14:09'),
(96, 77, 'magnetic-design', 'Black Dress', 'Party Wear', 23, 149, '20131218234513.jpeg', 1, 0, 1, 1, '2013-12-18 18:15:13', '2013-12-18 18:15:13'),
(97, 77, 'coral-harpa', 'Pink short Skirt', 'Design for summer', 14, 958, '20131218234621.jpeg', 1, 0, 1, 1, '2013-12-18 18:16:21', '2013-12-18 18:16:21'),
(98, 74, 'jealous', 'Pink top', 'cotton material', 6, 699, '20131218234852.jpeg', 1, 0, 1, 1, '2013-12-18 18:18:52', '2013-12-18 18:18:52'),
(99, 74, 'orange-harpa', 'Pink top', 'Design for summer', 25, 719, '20131218235011.jpeg', 1, 0, 1, 1, '2013-12-18 18:20:11', '2013-12-18 18:20:11'),
(100, 74, 'pink-harpa', 'Pink Harpa', 'cotton material', 17, 453, '20131218235131.jpeg', 1, 0, 1, 1, '2013-12-18 18:21:31', '2013-12-18 18:21:31'),
(101, 74, 'blue-global', 'Blue Chudidar', 'Special for Navratri Design', 12, 129, '20131218235251.jpeg', 1, 0, 1, 1, '2013-12-18 18:22:51', '2013-12-18 18:22:51'),
(102, 82, 'black-converse canvas', 'Black Canvas for Ladies only', 'Canvas shoes available for all size and color', 8, 1186, '20131219185138.jpeg', 1, 0, 1, 1, '2013-12-19 13:21:38', '2013-12-19 13:21:38'),
(103, 82, 'black-green-converse canvas shoes', 'Black and Green Converse', 'Black canvas with green converse', 5, 839, '20131219185319.jpeg', 1, 0, 1, 1, '2013-12-19 13:23:19', '2013-12-19 13:23:19'),
(104, 82, 'chestnu-pavers-england ', 'Brown Color with 9 size', 'Brown Full size shooes', 2, 4499, '20131219185456.jpeg', 1, 0, 1, 1, '2013-12-19 13:24:56', '2013-12-19 13:24:56'),
(105, 79, 'brown-32-6178-metro-40-', 'Brown Metro', 'Flate sandle for women', 32, 1290, '20131219185659.jpeg', 1, 0, 1, 1, '2013-12-19 13:26:59', '2013-12-19 13:26:59'),
(106, 79, 'camel-lavie', 'Lavies Flate', 'Brown levis Camel', 5, 1296, '20131219185801.jpeg', 1, 0, 1, 1, '2013-12-19 13:28:01', '2013-12-19 13:28:01'),
(107, 79, 'green flat', 'green flat', 'green flate with angle design', 1, 1499, '20131219185947.jpeg', 1, 0, 1, 1, '2013-12-19 13:29:47', '2013-12-19 13:29:47'),
(108, 79, 'pink-lavie', 'pink Levis', 'flate levis for women', 9, 1047, '20131219190108.jpeg', 1, 0, 1, 1, '2013-12-19 13:31:08', '2013-12-19 13:31:08'),
(109, 80, 'beige-catwalk', 'High heels in black', 'High heels for tenager', 12, 699, '20131219190254.jpeg', 1, 0, 1, 1, '2013-12-19 13:32:54', '2013-12-19 13:32:54'),
(110, 80, 'brown-melhs', 'pavers-england', 'High heels available for women', 6, 300, '20131219190429.jpeg', 1, 0, 1, 1, '2013-12-19 13:34:29', '2013-12-19 13:34:29'),
(111, 80, 'gold-multi-jennaah', 'Gold heel', 'High heels available for women', 1, 599, '20131219190536.jpeg', 1, 0, 1, 1, '2013-12-19 13:35:36', '2013-12-19 13:35:36'),
(112, 80, 'orange-lavie', 'Levis High heels', 'Levis Brand heels for Women', 5, 223, '20131219190641.jpeg', 1, 0, 1, 1, '2013-12-19 13:36:41', '2013-12-19 13:36:41'),
(113, 80, 'yellow-catwalk', 'Yellow Cat High heels', 'High heels available for women', 8, 699, '20131219190740.jpeg', 1, 0, 1, 1, '2013-12-19 13:37:40', '2013-12-19 13:37:40'),
(114, 81, 'black-white-puma-3', 'Rose Violet Sport shoes', 'Puma body train ls pearl gym & fitness shoes ', 4, 300, '20131219191013.jpeg', 1, 0, 1, 1, '2013-12-19 13:40:13', '2013-12-19 13:40:13'),
(115, 81, 'blue-1220', 'newfeel-7', 'White and blue sport shoes', 7, 649, '20131219191144.jpeg', 1, 0, 1, 1, '2013-12-19 13:41:44', '2013-12-19 13:41:44'),
(116, 81, 'orange-white-1647', 'newfeel-39', 'lightweight bellies', 10, 649, '20131219191327.jpeg', 1, 0, 1, 1, '2013-12-19 13:43:27', '2013-12-19 13:43:27'),
(117, 81, 'white-orange-1647', 'newfeel 39', 'New feel light weight bellies', 6, 649, '20131219191440.jpeg', 1, 0, 1, 1, '2013-12-19 13:44:40', '2013-12-19 13:44:40'),
(118, 115, 'nivia-football', 'Nivia Vertigo football', 'Sport instruments', 5, 1776, '20131219192931.jpeg', 1, 0, 1, 1, '2013-12-19 13:59:31', '2013-12-19 13:59:31'),
(119, 115, 'nivia-foam', 'Hend Nivia Form', 'Phycal instrument for Practis ', 10, 349, '20131219193105.jpeg', 1, 0, 1, 1, '2013-12-19 14:01:05', '2013-12-19 14:01:05'),
(120, 115, 'nivia-soft-grip', 'Nivia branded soft grip', 'Phycal instrument for Practis', 6, 637, '20131219193156.jpeg', 1, 0, 1, 1, '2013-12-19 14:01:56', '2013-12-19 14:01:56'),
(121, 115, 'nivia-fitness-glove', 'Leather Gloves', 'Phycal instrument for Practis', 5, 649, '20131219193256.jpeg', 1, 0, 1, 1, '2013-12-19 14:02:56', '2013-12-19 14:02:56'),
(122, 112, 'sg-batting-pads-optipro', 'Young batting Pads', 'Sports instromet of SG Products', 5, 692, '20131219193717.jpeg', 1, 0, 1, 1, '2013-12-19 14:07:17', '2013-12-19 14:07:17'),
(123, 112, 'sg-club', 'Sipper Bottle', 'Sports instromet of SG Products', 50, 109, '20131219193831.jpeg', 1, 0, 1, 1, '2013-12-19 14:08:31', '2013-12-19 14:08:31'),
(124, 112, 'sg-inner-gloves-campus', 'Batting Gloves', 'Sports instromet of SG Products', 45, 79, '20131219193941.jpeg', 1, 0, 1, 1, '2013-12-19 14:09:41', '2013-12-19 14:09:41'),
(125, 112, 'sg-max-cover', 'Kashmeer Willow Cricket bat in Short handle', 'Sports instromet of SG Products', 9, 976, '20131219194121.jpeg', 1, 0, 1, 1, '2013-12-19 14:11:21', '2013-12-19 14:11:21'),
(126, 113, 'head-silicone-shadow', 'Swimming Cap ', 'Head Sports and Fitness Instrument', 5, 699, '20131219194456.jpeg', 1, 0, 1, 1, '2013-12-19 14:14:56', '2013-12-19 14:14:56'),
(127, 113, 'head-venom', 'Swimming Google in Blue Color', 'Head Sports and Fitness Instrument', 5, 667, '20131219194600.jpeg', 1, 0, 1, 1, '2013-12-19 14:16:00', '2013-12-19 14:16:00'),
(128, 113, 'tennis-racquet', 'nano-ti-impulse', 'Tennis Racket', 8, 258, '20131219194709.jpeg', 1, 0, 1, 1, '2013-12-19 14:17:09', '2013-12-19 14:17:09'),
(129, 116, 'puma-wicket-keeping-pads', 'Senior Wicket Keeping Pads', 'Sports instruments Of Puma Brands', 5, 197, '20131219200223.jpeg', 1, 0, 1, 1, '2013-12-19 14:32:23', '2013-12-19 14:32:23'),
(130, 116, 'puma-batting-gloves', 'Shadow black puma Gloves', 'Sports instruments Of Puma Brands', 5, 379, '20131219200322.jpeg', 1, 0, 1, 1, '2013-12-19 14:33:22', '2013-12-19 14:33:22'),
(131, 116, 'puma-pulse-Bat', 'English Willow Cricket Bat', 'Sports instruments Of Puma Brands', 5, 357, '20131219200425.jpeg', 1, 0, 1, 1, '2013-12-19 14:34:25', '2013-12-19 14:34:25'),
(132, 114, 'cosco-aqua-wave', 'Swimming Google', 'Cosco-Sports Instrument', 10, 290, '20131219200836.jpeg', 1, 0, 1, 1, '2013-12-19 14:38:36', '2013-12-19 14:38:36'),
(133, 114, 'cosco-nylon-net', 'Bandminton Net', 'Cosco-Sports Instrument', 10, 550, '20131219200950.jpeg', 1, 0, 1, 1, '2013-12-19 14:39:50', '2013-12-19 14:39:50'),
(134, 114, 'cosco-shin-guard-shooter', 'Shooter Shin Guard', 'Cosco-Sports Instrument', 10, 120, '20131219201110.jpeg', 1, 0, 1, 1, '2013-12-19 14:41:10', '2013-12-19 14:41:10'),
(135, 114, 'cosco-volleyball', 'Volley Ball Multi Color', 'Cosco-Sports Instrument', 10, 622, '20131219201227.jpeg', 1, 0, 1, 1, '2013-12-19 14:42:27', '2013-12-19 14:42:27'),
(136, 117, 'adidas-master-blaster bat', 'Autograph Cricket bat', 'Cricket Instrument', 10, 119, '20131219201702.jpeg', 1, 0, 1, 1, '2013-12-19 14:47:02', '2013-12-19 14:47:02'),
(137, 117, 'abdominal-guard', 'Abdominal Guard', 'Cricket Instrument', 25, 125, '20131219201817.jpeg', 1, 0, 1, 1, '2013-12-19 14:48:17', '2013-12-19 14:48:17'),
(138, 117, 'masuri-full-face-basic', 'Cricket Hemlet', 'Cricket Instrument', 10, 899, '20131219201917.jpeg', 1, 0, 1, 1, '2013-12-19 14:49:17', '2013-12-19 14:49:17'),
(139, 117, 'sg-inner-gloves', 'Inner Gloves For youth ', 'Cricket Instrument', 10, 119, '20131219202057.jpeg', 1, 0, 1, 1, '2013-12-19 14:50:57', '2013-12-19 14:50:57');

-- --------------------------------------------------------

--
-- Table structure for table `product_categories`
--

CREATE TABLE IF NOT EXISTS `product_categories` (
  `id` int(11) NOT NULL AUTO_INCREMENT,
  `cate_name` varchar(255) DEFAULT NULL,
  `parent_id` int(11) DEFAULT NULL,
  `is_active` tinyint(1) DEFAULT NULL,
  `is_delete` tinyint(1) DEFAULT NULL,
  `created_by` int(11) DEFAULT NULL,
  `updated_by` int(11) DEFAULT NULL,
  `created_at` datetime NOT NULL,
  `updated_at` datetime NOT NULL,
  PRIMARY KEY (`id`)
) ENGINE=InnoDB  DEFAULT CHARSET=latin1 AUTO_INCREMENT=130 ;

--
-- Dumping data for table `product_categories`
--

INSERT INTO `product_categories` (`id`, `cate_name`, `parent_id`, `is_active`, `is_delete`, `created_by`, `updated_by`, `created_at`, `updated_at`) VALUES
(0, 'None', 0, 1, 0, 1, 1, '2013-12-15 00:00:00', '2013-12-15 00:00:00'),
(2, 'ELECTRONICS', 0, 1, 0, 1, 1, '2013-12-15 09:07:22', '2013-12-15 09:07:22'),
(3, 'Mobiles', 2, 1, 0, 1, 1, '2013-12-15 09:08:17', '2013-12-15 09:08:17'),
(4, 'Laptops', 2, 1, 0, 1, 1, '2013-12-15 09:08:46', '2013-12-15 09:08:46'),
(5, 'Tablets', 2, 1, 0, 1, 1, '2013-12-15 09:09:00', '2013-12-15 09:09:00'),
(6, 'Computer Accessories', 2, 1, 0, 1, 1, '2013-12-15 09:10:23', '2013-12-15 09:10:23'),
(7, 'Camera', 2, 1, 0, 1, 1, '2013-12-15 09:11:10', '2013-12-15 09:11:10'),
(8, 'TV', 2, 1, 0, 1, 1, '2013-12-15 09:11:26', '2013-12-15 09:11:26'),
(9, 'MEN', 0, 1, 0, 1, 1, '2013-12-15 09:12:38', '2013-12-15 09:12:38'),
(10, 'WOMEN', 0, 1, 0, 1, 1, '2013-12-15 09:12:54', '2013-12-15 09:12:54'),
(11, 'Clothing', 9, 1, 0, 1, 1, '2013-12-15 09:13:35', '2013-12-15 09:13:35'),
(12, 'Footware', 9, 1, 0, 1, 1, '2013-12-15 09:13:56', '2013-12-15 09:13:56'),
(13, 'Watches', 9, 1, 0, 1, 1, '2013-12-15 09:14:11', '2013-12-15 09:14:11'),
(14, 'Sunglasses', 9, 1, 0, 1, 1, '2013-12-15 09:14:43', '2013-12-15 09:14:43'),
(15, 'Clothing', 10, 1, 0, 1, 1, '2013-12-15 09:15:26', '2013-12-15 09:15:26'),
(16, 'Footware', 10, 1, 0, 1, 1, '2013-12-15 09:15:39', '2013-12-15 09:15:39'),
(17, 'Watches', 10, 1, 0, 1, 1, '2013-12-15 09:15:51', '2013-12-15 09:15:51'),
(18, 'Sunglasses', 10, 1, 0, 1, 1, '2013-12-15 09:16:46', '2013-12-15 09:16:46'),
(19, 'BOOKS & MEDIA', 0, 1, 0, 1, 1, '2013-12-15 09:18:02', '2013-12-15 09:18:02'),
(20, 'Books', 19, 1, 0, 1, 1, '2013-12-15 09:18:36', '2013-12-15 09:18:36'),
(21, 'eBooks', 19, 1, 0, 1, 1, '2013-12-15 09:19:12', '2013-12-15 09:19:12'),
(22, 'Music', 19, 1, 0, 1, 1, '2013-12-15 09:19:37', '2013-12-15 09:19:37'),
(23, 'Games', 19, 1, 0, 1, 1, '2013-12-15 09:21:07', '2013-12-15 09:21:07'),
(24, 'Stationary', 19, 1, 0, 1, 1, '2013-12-15 09:21:33', '2013-12-15 09:21:33'),
(25, 'MORE STORES', 0, 1, 0, 1, 1, '2013-12-15 09:22:26', '2013-12-15 09:22:26'),
(26, 'Sports & Fitness', 25, 1, 0, 1, 1, '2013-12-15 09:23:43', '2013-12-15 09:23:43'),
(27, 'Teams Sports', 25, 1, 0, 1, 1, '2013-12-15 09:24:39', '2013-12-15 09:24:39'),
(28, 'Other Sports', 25, 1, 0, 1, 1, '2013-12-15 09:26:05', '2013-12-15 09:26:05'),
(29, 'Fitness', 25, 1, 0, 1, 1, '2013-12-15 09:26:53', '2013-12-15 09:26:53'),
(30, 'Clocks', 25, 1, 0, 1, 1, '2013-12-15 09:27:15', '2013-12-15 09:27:15'),
(31, 'Samsung', 3, 1, 0, 1, 1, '2013-12-15 09:28:51', '2013-12-15 09:28:51'),
(32, 'Nokia', 3, 1, 0, 1, 1, '2013-12-15 09:29:05', '2013-12-15 09:29:05'),
(33, 'Micromax', 3, 1, 0, 1, 1, '2013-12-15 09:29:18', '2013-12-15 09:29:18'),
(34, 'Sony', 3, 1, 0, 1, 1, '2013-12-15 09:29:49', '2013-12-15 09:29:49'),
(35, 'Apple', 3, 1, 0, 1, 1, '2013-12-15 09:29:59', '2013-12-15 09:29:59'),
(36, 'iPad', 5, 1, 0, 1, 1, '2013-12-15 09:30:48', '2013-12-15 09:30:48'),
(37, 'Nexus', 5, 1, 0, 1, 1, '2013-12-15 09:31:01', '2013-12-15 09:31:01'),
(38, 'Samsung tablet', 5, 1, 0, 1, 1, '2013-12-15 09:31:38', '2013-12-15 09:31:38'),
(39, 'HP', 4, 1, 0, 1, 1, '2013-12-15 09:32:08', '2013-12-15 09:32:08'),
(40, 'Dell', 4, 1, 0, 1, 1, '2013-12-15 09:32:19', '2013-12-15 09:32:19'),
(41, 'Lenovo', 4, 1, 0, 1, 1, '2013-12-15 09:32:41', '2013-12-15 09:32:41'),
(42, 'Sony vio', 4, 1, 0, 1, 1, '2013-12-15 09:32:59', '2013-12-15 09:32:59'),
(43, 'Canon', 7, 1, 0, 1, 1, '2013-12-15 09:33:34', '2013-12-15 09:33:34'),
(44, 'Nikon', 7, 1, 0, 1, 1, '2013-12-15 09:33:49', '2013-12-15 09:33:49'),
(45, 'Panasonic', 7, 1, 0, 1, 1, '2013-12-15 09:34:11', '2013-12-15 09:34:11'),
(46, 'Sony', 7, 1, 0, 1, 1, '2013-12-15 09:34:51', '2013-12-15 09:34:51'),
(47, 'External Harddisk', 6, 1, 0, 1, 1, '2013-12-15 09:36:22', '2013-12-15 09:36:22'),
(48, 'Pendrive', 6, 1, 0, 1, 1, '2013-12-15 09:36:35', '2013-12-15 09:36:35'),
(49, 'Headphone', 6, 1, 0, 1, 1, '2013-12-15 09:36:58', '2013-12-15 09:36:58'),
(50, 'Mouse', 6, 1, 0, 1, 1, '2013-12-15 09:37:11', '2013-12-15 09:37:11'),
(51, 'Ram', 6, 1, 0, 1, 1, '2013-12-15 09:37:24', '2013-12-15 09:37:24'),
(52, 'Videocon', 8, 1, 0, 1, 1, '2013-12-15 09:37:58', '2013-12-15 09:37:58'),
(53, 'Sony', 8, 1, 0, 1, 1, '2013-12-15 09:38:17', '2013-12-15 09:38:17'),
(54, 'Samsung', 8, 1, 0, 1, 1, '2013-12-15 09:38:30', '2013-12-15 09:38:30'),
(55, 'LG', 8, 1, 0, 1, 1, '2013-12-15 09:38:56', '2013-12-15 09:38:56'),
(56, 'ONIDA', 8, 1, 0, 1, 1, '2013-12-15 09:39:17', '2013-12-15 09:39:17'),
(57, 'Jeans', 11, 1, 0, 1, 1, '2013-12-15 09:41:05', '2013-12-15 09:41:05'),
(58, 'T-shirt', 11, 1, 0, 1, 1, '2013-12-15 09:41:51', '2013-12-15 09:41:51'),
(59, 'Trouser', 11, 1, 0, 1, 1, '2013-12-15 09:42:15', '2013-12-15 09:42:15'),
(60, 'Sports Wear', 11, 1, 0, 1, 1, '2013-12-15 09:42:33', '2013-12-15 09:42:33'),
(61, 'Suits & plazer', 11, 1, 0, 1, 1, '2013-12-15 09:43:24', '2013-12-15 09:43:24'),
(62, 'Formal Shirt', 11, 1, 0, 1, 1, '2013-12-15 09:43:58', '2013-12-15 09:43:58'),
(63, 'Casual shoes', 12, 1, 0, 1, 1, '2013-12-15 09:45:22', '2013-12-15 09:45:22'),
(64, 'Sport Shoes', 12, 1, 0, 1, 1, '2013-12-15 09:45:42', '2013-12-15 09:45:42'),
(65, 'Formal Shoes', 12, 1, 0, 1, 1, '2013-12-15 09:46:07', '2013-12-15 09:46:07'),
(66, 'Sandle & Sleeper', 12, 1, 0, 1, 1, '2013-12-15 09:47:21', '2013-12-15 09:47:21'),
(67, 'Fastrack', 13, 1, 0, 1, 1, '2013-12-15 09:49:18', '2013-12-15 09:49:18'),
(68, 'Casio', 13, 1, 0, 1, 1, '2013-12-15 09:49:33', '2013-12-15 09:49:33'),
(69, 'Titan', 13, 1, 0, 1, 1, '2013-12-15 09:49:59', '2013-12-15 09:49:59'),
(70, 'Timex', 13, 1, 0, 1, 1, '2013-12-15 09:50:29', '2013-12-15 09:50:29'),
(71, 'Aviator', 14, 1, 0, 1, 1, '2013-12-15 09:52:18', '2013-12-15 09:52:18'),
(72, 'Fastrack', 14, 1, 0, 1, 1, '2013-12-15 09:52:33', '2013-12-15 09:52:33'),
(73, 'Wayfarer', 14, 1, 0, 1, 1, '2013-12-15 09:52:58', '2013-12-15 09:52:58'),
(74, 'Shirts & Tops', 15, 1, 0, 1, 1, '2013-12-15 09:54:07', '2013-12-15 09:54:07'),
(75, 'Sarees', 15, 1, 0, 1, 1, '2013-12-15 09:54:57', '2013-12-15 09:54:57'),
(76, 'T-shirt', 15, 1, 0, 1, 1, '2013-12-15 09:55:28', '2013-12-15 09:55:28'),
(77, 'Dresses & Skirts', 15, 1, 0, 1, 1, '2013-12-15 09:56:22', '2013-12-15 09:56:22'),
(78, 'Jeans', 15, 1, 0, 1, 1, '2013-12-15 09:56:52', '2013-12-15 09:56:52'),
(79, 'Flats', 16, 1, 0, 1, 1, '2013-12-15 09:59:21', '2013-12-15 09:59:21'),
(80, 'Heels', 16, 1, 0, 1, 1, '2013-12-15 09:59:44', '2013-12-15 09:59:44'),
(81, 'Sport Shoes', 16, 1, 0, 1, 1, '2013-12-15 10:00:18', '2013-12-15 10:00:18'),
(82, 'Casual shoes', 16, 1, 0, 1, 1, '2013-12-15 10:00:34', '2013-12-15 10:00:34'),
(83, 'Formal Shoes', 16, 1, 0, 1, 1, '2013-12-15 10:01:13', '2013-12-15 10:01:13'),
(84, 'Fastrack', 17, 1, 0, 1, 1, '2013-12-15 10:01:52', '2013-12-15 10:01:52'),
(85, 'Sonata', 17, 1, 0, 1, 1, '2013-12-15 10:02:08', '2013-12-15 10:02:08'),
(86, 'Titan', 17, 1, 0, 1, 1, '2013-12-15 10:02:26', '2013-12-15 10:02:26'),
(87, 'Timex', 17, 1, 0, 1, 1, '2013-12-15 10:02:40', '2013-12-15 10:02:40'),
(88, 'Maxima', 17, 1, 0, 1, 1, '2013-12-15 10:03:08', '2013-12-15 10:03:08'),
(89, 'Fastrack', 18, 1, 0, 1, 1, '2013-12-15 10:03:34', '2013-12-15 10:03:34'),
(90, 'Ray Ban', 18, 1, 0, 1, 1, '2013-12-15 10:03:56', '2013-12-15 10:03:56'),
(91, 'Vogue', 18, 1, 0, 1, 1, '2013-12-15 10:04:17', '2013-12-15 10:04:17'),
(92, 'Childrean', 20, 1, 0, 1, 1, '2013-12-15 10:05:11', '2013-12-15 10:05:11'),
(93, 'Indian Language', 20, 1, 0, 1, 1, '2013-12-15 10:05:28', '2013-12-15 10:05:28'),
(94, 'Acadamic & Professional', 20, 1, 0, 1, 1, '2013-12-15 10:06:09', '2013-12-15 10:06:09'),
(95, 'Bestsellers', 20, 1, 0, 1, 1, '2013-12-15 10:06:41', '2013-12-15 10:06:41'),
(96, 'New Releases', 20, 1, 0, 1, 1, '2013-12-15 10:11:11', '2013-12-15 10:11:11'),
(97, 'Literature & Fiction', 21, 1, 0, 1, 1, '2013-12-15 10:12:38', '2013-12-15 10:12:38'),
(98, 'Science & Technology', 21, 1, 0, 1, 1, '2013-12-15 10:13:02', '2013-12-15 10:13:02'),
(99, 'Biographies & Autobiography', 21, 1, 0, 1, 1, '2013-12-15 10:13:58', '2013-12-15 10:13:58'),
(100, 'Business Investigation & Management', 21, 1, 0, 1, 1, '2013-12-15 10:14:40', '2013-12-15 10:14:40'),
(101, 'New Releases', 22, 1, 0, 1, 1, '2013-12-15 10:15:35', '2013-12-15 10:15:35'),
(102, 'Pre-Orders', 22, 1, 0, 1, 1, '2013-12-15 10:16:01', '2013-12-15 10:16:01'),
(103, 'Devotional & Spiritual', 22, 1, 0, 1, 1, '2013-12-15 10:16:57', '2013-12-15 10:16:57'),
(104, 'Bollywood Retro', 22, 1, 0, 1, 1, '2013-12-15 10:17:33', '2013-12-15 10:17:33'),
(105, 'New Releases', 23, 1, 0, 1, 1, '2013-12-15 10:18:05', '2013-12-15 10:18:05'),
(106, 'PC Games', 23, 1, 0, 1, 1, '2013-12-15 10:18:16', '2013-12-15 10:18:16'),
(107, 'PS3 Games', 23, 1, 0, 1, 1, '2013-12-15 10:18:44', '2013-12-15 10:18:44'),
(108, 'Xbox 360 Games', 23, 1, 0, 1, 1, '2013-12-15 10:19:21', '2013-12-15 10:19:21'),
(109, 'Pen', 24, 1, 0, 1, 1, '2013-12-15 10:19:51', '2013-12-15 10:19:51'),
(110, 'Calculator', 24, 1, 0, 1, 1, '2013-12-15 10:20:10', '2013-12-15 10:20:10'),
(111, 'Diaries & Notebook', 24, 1, 0, 1, 1, '2013-12-15 10:21:07', '2013-12-15 10:21:07'),
(112, 'SG', 26, 1, 0, 1, 1, '2013-12-15 10:23:02', '2013-12-15 10:23:02'),
(113, 'Heads', 26, 1, 0, 1, 1, '2013-12-15 10:23:21', '2013-12-15 10:23:21'),
(114, 'Cosco', 26, 1, 0, 1, 1, '2013-12-15 10:23:51', '2013-12-15 10:23:51'),
(115, 'Nivia', 26, 1, 0, 1, 1, '2013-12-15 10:24:17', '2013-12-15 10:24:17'),
(116, 'Puma', 26, 1, 0, 1, 1, '2013-12-15 10:24:38', '2013-12-15 10:24:38'),
(117, 'Cricket', 27, 1, 0, 1, 1, '2013-12-15 10:25:05', '2013-12-15 10:25:05'),
(118, 'Football', 27, 1, 0, 1, 1, '2013-12-15 10:25:30', '2013-12-15 10:25:30'),
(119, 'Basketball', 27, 1, 0, 1, 1, '2013-12-15 10:25:45', '2013-12-15 10:25:45'),
(120, 'Hockey', 27, 1, 0, 1, 1, '2013-12-15 10:26:12', '2013-12-15 10:26:12'),
(121, 'Volleyball', 27, 1, 0, 1, 1, '2013-12-15 10:26:44', '2013-12-15 10:26:44'),
(122, 'Mats', 29, 1, 0, 1, 1, '2013-12-15 10:27:17', '2013-12-15 10:27:17'),
(123, 'Balls', 29, 1, 0, 1, 1, '2013-12-15 10:27:33', '2013-12-15 10:27:33'),
(124, 'Fitness Bands', 29, 1, 0, 1, 1, '2013-12-15 10:28:07', '2013-12-15 10:28:07'),
(125, 'Gloves', 29, 1, 0, 1, 1, '2013-12-15 10:28:32', '2013-12-15 10:28:32'),
(126, 'Orpat', 30, 1, 0, 1, 1, '2013-12-15 10:29:15', '2013-12-15 10:29:15'),
(127, 'Dizionario', 30, 1, 0, 1, 1, '2013-12-15 10:29:40', '2013-12-15 10:29:40'),
(128, 'Corporate', 30, 1, 0, 1, 1, '2013-12-15 10:30:21', '2013-12-15 10:30:21'),
(129, 'Horo', 30, 1, 0, 1, 1, '2013-12-15 10:30:34', '2013-12-15 10:30:34');

-- --------------------------------------------------------

--
-- Table structure for table `ref_invoice_status_codes`
--

CREATE TABLE IF NOT EXISTS `ref_invoice_status_codes` (
  `id` int(11) NOT NULL AUTO_INCREMENT,
  `invoice_status_description` varchar(255) DEFAULT NULL,
  `is_active` tinyint(1) DEFAULT NULL,
  `is_delete` tinyint(1) DEFAULT NULL,
  `created_at` datetime NOT NULL,
  `updated_at` datetime NOT NULL,
  PRIMARY KEY (`id`)
) ENGINE=InnoDB  DEFAULT CHARSET=latin1 AUTO_INCREMENT=4 ;

--
-- Dumping data for table `ref_invoice_status_codes`
--

INSERT INTO `ref_invoice_status_codes` (`id`, `invoice_status_description`, `is_active`, `is_delete`, `created_at`, `updated_at`) VALUES
(1, 'New', 1, 0, '0000-00-00 00:00:00', '0000-00-00 00:00:00'),
(2, 'Processing', 1, 0, '0000-00-00 00:00:00', '0000-00-00 00:00:00'),
(3, 'Paid', 1, 0, '2013-12-19 09:53:36', '2013-12-26 09:53:39');

-- --------------------------------------------------------

--
-- Table structure for table `ref_order_status_codes`
--

CREATE TABLE IF NOT EXISTS `ref_order_status_codes` (
  `id` int(11) NOT NULL AUTO_INCREMENT,
  `order_status_description` varchar(255) DEFAULT NULL,
  `is_active` tinyint(1) DEFAULT NULL,
  `is_delete` tinyint(1) DEFAULT NULL,
  `created_by` int(11) DEFAULT NULL,
  `updated_by` int(11) DEFAULT NULL,
  `created_at` datetime NOT NULL,
  `updated_at` datetime NOT NULL,
  PRIMARY KEY (`id`)
) ENGINE=InnoDB  DEFAULT CHARSET=latin1 AUTO_INCREMENT=5 ;

--
-- Dumping data for table `ref_order_status_codes`
--

INSERT INTO `ref_order_status_codes` (`id`, `order_status_description`, `is_active`, `is_delete`, `created_by`, `updated_by`, `created_at`, `updated_at`) VALUES
(1, 'Pending', 1, 0, 1, 1, '2013-12-12 00:00:00', '2013-12-12 00:00:00'),
(2, 'Processing', 1, 0, 1, 1, '2013-12-12 00:00:00', '2013-12-12 00:00:00'),
(3, 'Completed', 1, 0, 1, 1, '2013-12-12 00:00:00', '2013-12-12 00:00:00'),
(4, 'Cancelled', 1, 0, 1, 1, '2013-12-12 00:00:00', '2013-12-12 00:00:00');

-- --------------------------------------------------------

--
-- Table structure for table `schema_migrations`
--

CREATE TABLE IF NOT EXISTS `schema_migrations` (
  `version` varchar(255) NOT NULL,
  UNIQUE KEY `unique_schema_migrations` (`version`)
) ENGINE=InnoDB DEFAULT CHARSET=latin1;

--
-- Dumping data for table `schema_migrations`
--

INSERT INTO `schema_migrations` (`version`) VALUES
('20131212032753'),
('20131212084907'),
('20131212145116'),
('20131212145144'),
('20131212145208'),
('20131212145233'),
('20131215113100'),
('20131215113148'),
('20131215113212'),
('20131215113234'),
('20131215113253'),
('20131215113318'),
('20131219125513');

-- --------------------------------------------------------

--
-- Table structure for table `shipments`
--

CREATE TABLE IF NOT EXISTS `shipments` (
  `id` int(11) NOT NULL AUTO_INCREMENT,
  `order_id` int(11) DEFAULT NULL,
  `invoice_number` int(11) DEFAULT NULL,
  `shipment_date` datetime DEFAULT NULL,
  `other_shipment_detail` text,
  `is_active` tinyint(1) DEFAULT NULL,
  `is_delete` tinyint(1) DEFAULT NULL,
  `created_at` datetime NOT NULL,
  `updated_at` datetime NOT NULL,
  PRIMARY KEY (`id`)
) ENGINE=InnoDB DEFAULT CHARSET=latin1 AUTO_INCREMENT=1 ;

-- --------------------------------------------------------

--
-- Table structure for table `shipment_items`
--

CREATE TABLE IF NOT EXISTS `shipment_items` (
  `id` int(11) NOT NULL AUTO_INCREMENT,
  `shipment_id` int(11) DEFAULT NULL,
  `order_item_id` int(11) DEFAULT NULL,
  `tracking_code` int(11) DEFAULT NULL,
  `is_active` tinyint(1) DEFAULT NULL,
  `is_delete` tinyint(1) DEFAULT NULL,
  `created_by` int(11) DEFAULT NULL,
  `updated_by` int(11) DEFAULT NULL,
  `created_at` datetime NOT NULL,
  `updated_at` datetime NOT NULL,
  PRIMARY KEY (`id`)
) ENGINE=InnoDB DEFAULT CHARSET=latin1 AUTO_INCREMENT=1 ;

-- --------------------------------------------------------

--
-- Table structure for table `users`
--

CREATE TABLE IF NOT EXISTS `users` (
  `id` int(11) NOT NULL AUTO_INCREMENT,
  `user_name` varchar(255) DEFAULT NULL,
  `password` varchar(255) DEFAULT NULL,
  `password_salt` varchar(255) DEFAULT NULL,
  `first_name` varchar(255) DEFAULT NULL,
  `middle_name` varchar(255) DEFAULT NULL,
  `last_name` varchar(255) DEFAULT NULL,
  `gender` varchar(255) DEFAULT NULL,
  `email` varchar(255) DEFAULT NULL,
  `phone_no` varchar(255) DEFAULT NULL,
  `mobile_no` varchar(255) DEFAULT NULL,
  `street_address` varchar(255) DEFAULT NULL,
  `city` varchar(255) DEFAULT NULL,
  `state` varchar(255) DEFAULT NULL,
  `pincode` varchar(255) DEFAULT NULL,
  `is_admin` tinyint(1) DEFAULT NULL,
  `is_active` tinyint(1) DEFAULT NULL,
  `is_delete` tinyint(1) DEFAULT NULL,
  `created_at` datetime NOT NULL,
  `updated_at` datetime NOT NULL,
  PRIMARY KEY (`id`)
) ENGINE=InnoDB  DEFAULT CHARSET=latin1 AUTO_INCREMENT=14 ;

--
-- Dumping data for table `users`
--

INSERT INTO `users` (`id`, `user_name`, `password`, `password_salt`, `first_name`, `middle_name`, `last_name`, `gender`, `email`, `phone_no`, `mobile_no`, `street_address`, `city`, `state`, `pincode`, `is_admin`, `is_active`, `is_delete`, `created_at`, `updated_at`) VALUES
(1, 'mayur', 'mayur', 'mayur', 'mayur', 'g.', 'sorathiya', 'male', 'sorathiyamayur111@gmail.com', '53543', '534', 'lslfsdfkl', 'lksgl', 'lfkglk', 'lklk', 1, NULL, NULL, '2013-12-16 00:00:00', '0000-00-00 00:00:00'),
(12, 'admin', '$2a$10$mh6cHjhG.VEIBTpgjJzwDeYlBey7RSSjmvySvule0jOPBaHf0xOx2', '$2a$10$mh6cHjhG.VEIBTpgjJzwDe', 'ada', 'fdkl', 'lklk', 'Male', 'sodsfd@wkfs.com', '535', '4354', 'sfglk', 'none', 'Gujarat', '395006', 1, 1, 0, '2013-12-20 08:58:06', '2013-12-20 08:58:06'),
(13, 'user', '$2a$10$2D8/kSiYCpG1PDQb2BqmpOlWaDNvNYndRE1xYyDTiLL9Mg6wQQ68K', '$2a$10$2D8/kSiYCpG1PDQb2BqmpO', 'user', 'xyz', 'pqr', 'Male', 'xyz@yahoo.com', '55668965', '2356897845', 'ranjitnagar', 'Surat', 'Gujarat', '395006', 0, 1, 0, '2013-12-20 09:01:03', '2013-12-20 09:01:03');

/*!40101 SET CHARACTER_SET_CLIENT=@OLD_CHARACTER_SET_CLIENT */;
/*!40101 SET CHARACTER_SET_RESULTS=@OLD_CHARACTER_SET_RESULTS */;
/*!40101 SET COLLATION_CONNECTION=@OLD_COLLATION_CONNECTION */;
